A,abs_l,abs_s,C_air,C_chl,carbon_balance,E,E_q,f_par,g_mc,g_mc25,g_sc,g_sw,g_uc,g_uw,gamma_star,gamma_star25,H,J_max,J_max25,K_C,K_C25,k_mc,K_O,K_O25,k_sc,k_uc,L,leafsize,logit_sr,O,P,phi_J,PPFD,r,R_abs,R_d,R_d25,RH,S_r,S_sw,T_air,T_leaf,theta_J,V_cmax,V_cmax25,V_tpu,V_tpu25,wind,H2O,SR,i
11.5724144602435,0.97,0.8,41,22.837544193536,9078.25295593724,0.00249393578562728,220,0.5,3.13675264981631,3,1.00948330708964,1.6589958225039,0.1,0.164341085271318,3.8530109663765,3.743,28.8989750709775,118.466089174243,112.5,29.9799172332702,27.238,1,17.0544110777572,16.582,4.53999297624848e-05,1,109.613623496213,0.1,-10,21.27565,101.3246,0.331,400,0.2,1018.00527483157,2.09813217120722,2,0.5,879.491241415073,176,298.15,299.027880441535,0.825,79.7870977601433,75,212.765594027049,200,2,1000,2997,1
11.5724193804683,0.97,0.8,41,22.8375645031502,9078.25385970578,0.00249394070505542,220,0.5,3.13675192452878,3,1.00948692902371,1.65900177482967,0.1,0.164341085271318,3.85301035128303,3.743,28.8988154627979,118.466056070712,112.5,29.9799013863265,27.238,1,17.0544084375634,16.582,4.53999297624848e-05,1,109.613840237096,0.1,-10,21.27565,101.3246,0.331,400,0.2,1018.00527483157,2.09813161734544,2,0.5,879.491184330048,176,298.15,299.027875589294,0.825,79.7870705538866,75,212.765521477031,200,2,1000,2985,2
11.5724180890001,0.97,0.8,41,22.8375591722462,9078.25837861539,0.00249393941379378,220,0.5,3.13675211490379,3,1.00948597833011,1.65900021244948,0.1,0.164341085271318,3.85301051273403,3.743,28.8988573570818,118.466064759795,112.5,29.9799055458642,27.238,1,17.0544091305669,16.582,4.53999297624848e-05,1,109.613783346501,0.1,-10,21.27565,101.3246,0.331,400,0.2,1018.00527483157,2.09813176272421,2,0.5,879.491199313843,176,298.15,299.02787686292,0.825,79.7870776950401,75,212.765540520107,200,2,1000,2925,3
11.5724218529779,0.97,0.8,41,22.8375747091506,9078.26402725371,0.00249394317717465,220,0.5,3.13675156005594,3,1.00948874912756,1.65900476600808,0.1,0.164341085271318,3.85301004218526,3.743,28.8987352562268,118.46603943547,112.5,29.9798934228967,27.238,1,17.0544071108089,16.582,4.53999297624848e-05,1,109.613949154086,0.1,-10,21.27565,101.3246,0.331,400,0.2,1018.00527483157,2.09813133901794,2,0.5,879.491155643587,176,298.15,299.027873150937,0.825,79.7870568821559,75,212.765485019082,200,2,1000,2850,4
11.572429640508,0.97,0.8,41,22.8376068545272,9078.27532457702,0.00249395096351866,220,0.5,3.13675041208847,3,1.00949448185755,1.65901418723876,0.1,0.164341085271318,3.8530090686314,3.743,28.8984826325081,118.465987040055,112.5,29.9798683407848,27.238,1,17.054402931979,16.582,4.53999297624848e-05,1,109.614292205973,0.1,-10,21.27565,101.3246,0.331,400,0.2,1018.00527483157,2.09813046238015,2,0.5,879.491065290888,176,298.15,299.027865470935,0.825,79.7870138208175,75,212.765370188847,200,2,1000,2700,5
11.5724445422404,0.97,0.8,41,22.8376683662921,9078.29791941055,0.00249396586316579,220,0.5,3.13674821537956,3,1.00950545185254,1.65903221544759,0.1,0.164341085271318,3.85300720567678,3.743,28.8979992214834,118.465886778216,112.5,29.9798203446767,27.238,1,17.0543949355335,16.582,4.53999297624848e-05,1,109.614948656826,0.1,-10,21.27565,101.3246,0.331,400,0.2,1018.00527483157,2.09812878488074,2,0.5,879.490892395464,176,298.15,299.027850774779,0.825,79.7869314203579,75,212.765150454288,200,2,1000,2400,6
11.5724747808845,0.97,0.8,41,22.8377931876767,9078.34310982482,0.00249399609832212,220,0.5,3.13674375769025,3,1.00952771300929,1.65906879967418,0.1,0.164341085271318,3.85300342527214,3.743,28.8970182580177,118.465683321571,112.5,29.9797229486367,27.238,1,17.054378708729,16.582,4.53999297624848e-05,1,109.616280761867,0.1,-10,21.27565,101.3246,0.331,400,0.2,1018.00527483157,2.09812538081311,2,0.5,879.49054154693,176,298.15,299.027820952554,0.825,79.7867642091884,75,212.764704557836,200,2,1000,1800,7
11.6425413007059,0.97,0.8,41,23.0840311002972,9086.72816961843,0.00246650451791836,220,0.5,3.14079093432542,3,0.968654594546857,1.59189747320879,0.1,0.164341085271318,3.85644183781982,3.743,29.7889015334212,118.650683141738,112.5,30.0683993985024,27.238,1,17.0691373659173,16.582,0.0388545365973372,1,108.405084858395,0.1,-3.24793043685358,21.27565,101.3246,0.331,400,0.2,1018.00527483157,2.10122240329633,2,0.5,879.809580862518,176,298.15,299.054935700186,0.825,79.9389257233021,75,213.170468595472,200,2,1000,1500,8
11.7190910412644,0.97,0.8,41,23.3606206798417,9115.28502485574,0.00244388562342034,220,0.5,3.14412316120523,3,0.930770038668026,1.5296375829273,0.1,0.164341085271318,3.85928216964787,3.743,30.5251400354036,118.803425964801,112.5,30.1417893309943,27.238,1,17.0813285880959,16.582,0.0954381274059326,1,107.408605066537,0.1,-2.34927712202691,21.27565,101.3246,0.331,400,0.2,1018.00527483157,2.10378208837384,2,0.5,880.073020697888,176,298.15,299.077319560311,0.825,80.0647364138731,75,213.505963770328,200,2,1000,1200,9
11.8887782709793,0.97,0.8,41,24.0102923358551,9252.36081861078,0.00243180430525271,220,0.5,3.14589344719826,3,0.87891870099816,1.44442453187294,0.1,0.164341085271318,3.8607945974891,3.743,30.9169864332741,118.884729848576,112.5,30.1809191754527,27.238,1,17.0878200934368,16.582,0.309063895330868,1,106.876382555176,0.1,-1.17420724245459,21.27565,101.3246,0.331,400,0.2,1018.00527483157,2.10514557916064,2,0.5,880.213258982772,176,298.15,299.089233226368,0.825,80.1317713757008,75,213.684723668535,200,2,1000,600,10
11.9865674068564,0.97,0.8,41,24.4163520695029,9377.27973447572,0.00245887338677755,220,0.5,3.14192359405161,3,0.876583489757848,1.44058682037724,0.1,0.164341085271318,3.85740634574173,3.743,30.0389619825874,118.702558856191,112.5,30.0933068408178,27.238,1,17.0732772402595,16.582,0.533834986446977,1,108.068883640886,0.1,-0.627668501920889,21.27565,101.3246,0.331,400,0.2,1018.00527483157,2.10209147225867,2,0.5,879.899049347139,176,298.15,299.062538189475,0.825,79.9816361891261,75,213.284363171003,200,2,1000,300,11
12.0407663998886,0.97,0.8,41,24.6556850248955,9460.28957638933,0.00248904809409835,220,0.5,3.13747295621599,3,0.88762021532608,1.45872469495449,0.1,0.164341085271318,3.85362202986565,3.743,29.057526829295,118.498974201699,112.5,29.995663239106,27.238,1,17.0570339672356,16.582,0.717763757719196,1,109.398281971736,0.1,-0.331614792321828,21.27565,101.3246,0.331,400,0.2,1018.00527483157,2.09868243273737,2,0.5,879.547950216237,176,298.15,299.032700586922,0.825,79.8141282038683,75,212.837675210316,200,2,1000,150,12
12.0697385773454,0.97,0.8,41,24.7889128247994,9508.3933338158,0.00251073900317388,220,0.5,3.13427296255437,3,0.898133979781962,1.47600312956415,0.1,0.164341085271318,3.85091031295686,3.743,28.3537584561201,118.353015720629,112.5,29.9258311840239,27.238,1,17.0453942726044,16.582,0.842118100041725,1,110.353954236872,0.1,-0.171835013243296,21.27565,101.3246,0.331,400,0.2,1018.00527483157,2.09624097179229,2,0.5,879.296259781962,176,298.15,299.011305577101,0.825,79.6942123244566,75,212.517899531884,200,2,1000,75,13
12.0940513795948,0.97,0.8,41,24.9040886575233,9550.62767693473,0.00253240909598156,220,0.5,3.13106863462157,3,0.909902929081349,1.4953443485678,0.1,0.164341085271318,3.84820252403355,3.743,27.6505889714448,118.207205732874,112.5,29.8562135901653,27.238,1,17.0337711909101,16.582,0.964876718937587,1,111.308749500628,0.1,-0.0357549382004661,21.27565,101.3246,0.331,400,0.2,1018.00527483157,2.09380416832455,2,0.5,879.044846937869,176,298.15,298.989929577915,0.825,79.5745658228701,75,212.19884219432,200,2,1000,15,14
12.0990535900037,0.97,0.8,41,24.9282066744934,9559.51618922746,0.0025372958916842,220,0.5,3.13034501224926,3,0.912693654581759,1.49993065714211,0.1,0.164341085271318,3.84759207669448,3.743,27.4920074552026,118.174325522617,112.5,29.8405345417352,27.238,1,17.0311508345883,16.582,0.992572326717472,1,111.52406973815,0.1,-0.00745539580894458,21.27565,101.3246,0.331,400,0.2,1018.00527483157,2.09325496704458,2,0.5,878.988156092866,176,298.15,298.985108890509,0.825,79.5476057707031,75,212.126948721875,200,2,1000,3,15
11.5724396060638,0.97,0.8,41,22.8376479905576,9078.29053840422,0.00249396092765318,220,0.5,3.13674894304044,3,1.00950181802904,1.65902624358261,0.1,0.164341085271318,3.85300782278099,3.743,28.8981593515341,118.46591998998,112.5,29.9798362433942,27.238,1,17.0543975843582,16.582,4.53999297624848e-05,1,109.614731207281,0.1,-10,21.27565,101.3246,0.331,400,0.2,1018.00527483157,2.0981293405528,2,0.5,879.490949667123,176,298.15,299.027855642885,0.825,79.7869587155268,75,212.765223241405,200,2,1000,2498,16
11.5724363822028,0.97,0.8,41,22.8376346830123,9078.29114092717,0.0024939577042401,220,0.5,3.13674941827995,3,1.00949944476196,1.65902234332974,0.1,0.164341085271318,3.85300822581551,3.743,28.8982639334366,118.465941680784,112.5,29.9798466269468,27.238,1,17.0543993143218,16.582,4.53999297624848e-05,1,109.614589189671,0.1,-10,21.27565,101.3246,0.331,400,0.2,1018.00527483157,2.09812970346565,2,0.5,879.490987071591,176,298.15,299.027858822275,0.825,79.7869765421709,75,212.765270779122,200,2,1000,2490,17
11.5724420229708,0.97,0.8,41,22.83765796715,9078.29415358767,0.00249396334423177,220,0.5,3.13674858675538,3,1.00950359725948,1.65902916758922,0.1,0.164341085271318,3.85300752062781,3.743,28.8980809469447,118.46590372848,112.5,29.9798284588929,27.238,1,17.0543962874123,16.582,4.53999297624848e-05,1,109.614837677258,0.1,-10,21.27565,101.3246,0.331,400,0.2,1018.00527483157,2.09812906847868,2,0.5,879.49092162516,176,298.15,299.027853259311,0.825,79.7869453509729,75,212.765187602595,200,2,1000,2450,18
11.5724445422404,0.97,0.8,41,22.8376683662921,9078.29791941055,0.00249396586316579,220,0.5,3.13674821537956,3,1.00950545185254,1.65903221544759,0.1,0.164341085271318,3.85300720567678,3.743,28.8979992214834,118.465886778216,112.5,29.9798203446767,27.238,1,17.0543949355335,16.582,4.53999297624848e-05,1,109.614948656826,0.1,-10,21.27565,101.3246,0.331,400,0.2,1018.00527483157,2.09812878488074,2,0.5,879.490892395464,176,298.15,299.027850774779,0.825,79.7869314203579,75,212.765150454288,200,2,1000,2400,19
11.5724495811702,0.97,0.8,41,22.8376891662307,9078.30545107707,0.00249397090144519,220,0.5,3.13674747256701,3,1.00950916134874,1.65903831167389,0.1,0.164341085271318,3.85300657572336,3.743,28.897835757215,118.46585287492,112.5,29.9798041149255,27.238,1,17.0543922315555,16.582,4.53999297624848e-05,1,109.615170634088,0.1,-10,21.27565,101.3246,0.331,400,0.2,1018.00527483157,2.09812821763865,2,0.5,879.490833931302,176,298.15,299.027845805309,0.825,79.7869035568598,75,212.765076151626,200,2,1000,2300,20
11.5724600216659,0.97,0.8,41,22.8377322631941,9078.32051449306,0.0024939813406814,220,0.5,3.13674593346971,3,1.00951684739764,1.65905094301007,0.1,0.164341085271318,3.85300527046993,3.743,28.8974970617914,118.465782627821,112.5,29.9797704871599,27.238,1,17.0543866289563,16.582,4.53999297624848e-05,1,109.615630567515,0.1,-10,21.27565,101.3246,0.331,400,0.2,1018.00527483157,2.0981270423223,2,0.5,879.490712794477,176,298.15,299.027835508645,0.825,79.7868458241535,75,212.764922197743,200,2,1000,2100,21
11.5937322702395,0.97,0.8,41,22.9118567267879,9079.11605314124,0.00248505367753069,220,0.5,3.13806153633222,3,0.996552301081219,1.63774486689317,0.1,0.164341085271318,3.85412163368751,3.743,29.1871424280274,118.525858506752,112.5,30.0085414183611,27.238,1,17.0591784250831,16.582,0.0107320480260389,1,109.222297657213,0.1,-4.53452087139719,21.27565,101.3246,0.331,400,0.2,1018.00527483157,2.09913236742163,2,0.5,879.594311889881,176,298.15,299.036641072044,0.825,79.8362318381601,75,212.896618235093,200,2,1000,1700,22
11.6425413007059,0.97,0.8,41,23.0840311002972,9086.72816961843,0.00246650451791836,220,0.5,3.14079093432542,3,0.968654594546857,1.59189747320879,0.1,0.164341085271318,3.85644183781982,3.743,29.7889015334212,118.650683141738,112.5,30.0683993985024,27.238,1,17.0691373659173,16.582,0.0388545365973372,1,108.405084858395,0.1,-3.24793043685358,21.27565,101.3246,0.331,400,0.2,1018.00527483157,2.10122240329633,2,0.5,879.809580862518,176,298.15,299.054935700186,0.825,79.9389257233021,75,213.170468595472,200,2,1000,1500,23
11.6930862516052,0.97,0.8,41,23.2656804989053,9103.28243062174,0.00245060006431889,220,0.5,3.14313825231297,3,0.942779662706606,1.54937432940931,0.1,0.164341085271318,3.85844176632816,3.743,30.3073482486272,118.758239493134,112.5,30.1200615553543,27.238,1,17.077721452074,16.582,0.0742426817735228,1,107.704404070949,0.1,-2.60041606812963,21.27565,101.3246,0.331,400,0.2,1018.00527483157,2.10302459509734,2,0.5,879.99508350225,176,298.15,299.070697944508,0.825,80.0275003228614,75,213.40666752763,200,2,1000,1300,24
11.8006073874312,0.97,0.8,41,23.6655611820812,9168.3875139434,0.00243045591183961,220,0.5,3.14609091656025,3,0.899595933818874,1.47840572069458,0.1,0.164341085271318,3.86096345381582,3.743,30.960726367564,118.893805832593,112.5,30.1852900601602,27.238,1,17.0885448384431,16.582,0.178741805001597,1,106.816982060377,0.1,-1.7218129446039,21.27565,101.3246,0.331,400,0.2,1018.00527483157,2.10529782894733,2,0.5,880.228914332216,176,298.15,299.090563107275,0.825,80.1392574040871,75,213.704686410899,200,2,1000,900,25
11.8585050339318,0.97,0.8,41,23.8899473282266,9220.4254888158,0.00242920631713726,220,0.5,3.14627384638285,3,0.884291129174897,1.45325363864402,0.1,0.164341085271318,3.86111990432801,3.743,31.0012512928916,118.902214781078,112.5,30.1893402118273,27.238,1,17.0892163358346,16.582,0.258377179650016,1,106.761934094679,0.1,-1.35333482502153,21.27565,101.3246,0.331,400,0.2,1018.00527483157,2.10543889688024,2,0.5,880.243419188241,176,298.15,299.091795240951,0.825,80.1461937685561,75,213.723183382816,200,2,1000,700,26
11.8887782709793,0.97,0.8,41,24.0102923358551,9252.36081861078,0.00243180430525271,220,0.5,3.14589344719826,3,0.87891870099816,1.44442453187294,0.1,0.164341085271318,3.8607945974891,3.743,30.9169864332741,118.884729848576,112.5,30.1809191754527,27.238,1,17.0878200934368,16.582,0.309063895330868,1,106.876382555176,0.1,-1.17420724245459,21.27565,101.3246,0.331,400,0.2,1018.00527483157,2.10514557916064,2,0.5,880.213258982772,176,298.15,299.089233226368,0.825,80.1317713757008,75,213.684723668535,200,2,1000,600,27
11.9042994649369,0.97,0.8,41,24.0728873206023,9269.98197906659,0.00243410243381746,220,0.5,3.14555686674967,3,0.876941110128582,1.44117453757565,0.1,0.164341085271318,3.86050685667037,3.743,30.842447341365,118.869263270264,112.5,30.1734719562561,27.238,1,17.0865850843696,16.582,0.337955088624531,1,106.977621862578,0.1,-1.08484226621956,21.27565,101.3246,0.331,400,0.2,1018.00527483157,2.10488614686093,2,0.5,880.186580598111,176,298.15,299.086966926632,0.825,80.1190156129181,75,213.650708301115,200,2,1000,550,28
11.9169159411398,0.97,0.8,41,24.1242422897949,9284.92662199772,0.00243648252297484,220,0.5,3.14520819403323,3,0.875744672923085,1.43920829968755,0.1,0.164341085271318,3.86020887063518,3.743,30.7652492532757,118.853245218935,112.5,30.1657609255756,27.238,1,17.085306098991,16.582,0.363065239264502,1,107.082472249148,0.1,-1.0131727383737,21.27565,101.3246,0.331,400,0.2,1018.00527483157,2.10461749061062,2,0.5,880.158951280073,176,298.15,299.084619791835,0.825,80.1058068104672,75,213.615484827913,200,2,1000,510,29
11.9194616658236,0.97,0.8,41,24.1346580145375,9288.00924325594,0.00243702047691443,220,0.5,3.14512937359644,3,0.875549589424975,1.43888769734957,0.1,0.164341085271318,3.8601415213721,3.743,30.7478006385717,118.849624792688,112.5,30.1640183088746,27.238,1,17.0850170289142,16.582,0.368319278824709,1,107.106170873076,0.1,-0.998805111463381,21.27565,101.3246,0.331,400,0.2,1018.00527483157,2.10455677219179,2,0.5,880.152706499165,176,298.15,299.084089284564,0.825,80.102821585699,75,213.607524228531,200,2,1000,502,30
11.5724614581249,0.97,0.8,41,22.8377381927226,9078.32812155442,0.00249398277697639,220,0.5,3.136745721711,3,1.00951790489526,1.65905268091314,0.1,0.164341085271318,3.85300509088508,3.743,28.8974504619686,118.465772962789,112.5,29.9797658604456,27.238,1,17.054385858116,16.582,4.53999297624848e-05,1,109.615693848014,0.1,-10,21.27565,101.3246,0.331,400,0.2,1018.00527483157,2.09812688061501,2,0.5,879.490696127721,176,298.15,299.027834091966,0.825,79.7868378809318,75,212.764901015818,200,2,1000,1999,31
11.5724611263962,0.97,0.8,41,22.8377368233863,9078.32842282291,0.00249398244528534,220,0.5,3.13674577061355,3,1.00951766068178,1.65905227957005,0.1,0.164341085271318,3.85300513235754,3.743,28.8974612235077,118.465775194785,112.5,29.9797669289167,27.238,1,17.0543860361301,16.582,4.53999297624848e-05,1,109.615679234321,0.1,-10,21.27565,101.3246,0.331,400,0.2,1018.00527483157,2.09812691795891,2,0.5,879.490699976661,176,298.15,299.027834419127,0.825,79.7868397153012,75,212.76490590747,200,2,1000,1995,32
11.5724659613584,0.97,0.8,41,22.837756781554,9078.32992918441,0.00249398727971031,220,0.5,3.13674505785475,3,1.00952122011791,1.65905812918603,0.1,0.164341085271318,3.85300452789296,3.743,28.8973043731742,118.465742663256,112.5,29.9797513558645,27.238,1,17.0543834415591,16.582,4.53999297624848e-05,1,109.615892230141,0.1,-10,21.27565,101.3246,0.331,400,0.2,1018.00527483157,2.09812637366847,2,0.5,879.490643878031,176,298.15,299.027829650728,0.825,79.7868129792177,75,212.764834611247,200,2,1000,1975,33
11.5724648306512,0.97,0.8,41,22.8377521141203,9078.33181212474,0.0024939861491265,220,0.5,3.13674522454132,3,1.00952038770356,1.65905676118724,0.1,0.164341085271318,3.85300466925369,3.743,28.8973410543617,118.465750271114,112.5,29.9797549977945,27.238,1,17.0543840483282,16.582,4.53999297624848e-05,1,109.615842418709,0.1,-10,21.27565,101.3246,0.331,400,0.2,1018.00527483157,2.0981265009568,2,0.5,879.490656997316,176,298.15,299.027830765871,0.825,79.7868192317461,75,212.764851284656,200,2,1000,1950,34
11.5724697401427,0.97,0.8,41,22.8377723799769,9078.33557801991,0.00249399105809247,220,0.5,3.13674450079235,3,1.00952400202889,1.65906270100871,0.1,0.164341085271318,3.85300405546905,3.743,28.8971817855819,118.465717237988,112.5,29.9797391846304,27.238,1,17.0543814137522,16.582,4.53999297624848e-05,1,109.61605869867,0.1,-10,21.27565,101.3246,0.331,400,0.2,1018.00527483157,2.09812594827414,2,0.5,879.490600033714,176,298.15,299.027825923948,0.825,79.7867920834304,75,212.764778889148,200,2,1000,1900,35
11.5724747808845,0.97,0.8,41,22.8377931876767,9078.34310982482,0.00249399609832212,220,0.5,3.13674375769025,3,1.00952771300929,1.65906879967418,0.1,0.164341085271318,3.85300342527214,3.743,28.8970182580177,118.465683321571,112.5,29.9797229486367,27.238,1,17.054378708729,16.582,4.53999297624848e-05,1,109.616280761867,0.1,-10,21.27565,101.3246,0.331,400,0.2,1018.00527483157,2.09812538081311,2,0.5,879.49054154693,176,298.15,299.027820952554,0.825,79.7867642091884,75,212.764704557836,200,2,1000,1800,36
11.6179361619222,0.97,0.8,41,22.9968556497902,9081.86885067907,0.00247549316550737,220,0.5,3.1394689930967,3,0.982377674211647,1.61445013126255,0.1,0.164341085271318,3.85531738041825,3.743,29.4973050923745,118.590194328621,112.5,30.0393795931152,27.238,1,17.0643109146419,16.582,0.0240130979542345,1,108.8010903878,0.1,-3.72915584940742,21.27565,101.3246,0.331,400,0.2,1018.00527483157,2.10020939134489,2,0.5,879.705261450654,176,298.15,299.046070536935,0.825,79.8891476713162,75,213.03772712351,200,2,1000,1600,37
11.6425413007059,0.97,0.8,41,23.0840311002972,9086.72816961843,0.00246650451791836,220,0.5,3.14079093432542,3,0.968654594546857,1.59189747320879,0.1,0.164341085271318,3.85644183781982,3.743,29.7889015334212,118.650683141738,112.5,30.0683993985024,27.238,1,17.0691373659173,16.582,0.0388545365973372,1,108.405084858395,0.1,-3.24793043685358,21.27565,101.3246,0.331,400,0.2,1018.00527483157,2.10122240329633,2,0.5,879.809580862518,176,298.15,299.054935700186,0.825,79.9389257233021,75,213.170468595472,200,2,1000,1500,38
11.6675847533609,0.97,0.8,41,23.1735647871407,9093.81341105738,0.00245818260695293,220,0.5,3.14202513541498,3,0.955432138031024,1.57016754467114,0.1,0.164341085271318,3.85749286025964,3.743,30.0613893291331,118.707211609974,112.5,30.0955416943707,27.238,1,17.0736485775482,16.582,0.0555009084317595,1,108.038451191707,0.1,-2.89135589022389,21.27565,101.3246,0.331,400,0.2,1018.00527483157,2.1021694330261,2,0.5,879.907073961659,176,298.15,299.063220044224,0.825,79.9854678292766,75,213.294580878071,200,2,1000,1400,39
11.7190910412644,0.97,0.8,41,23.3606206798417,9115.28502485574,0.00244388562342034,220,0.5,3.14412316120523,3,0.930770038668026,1.5296375829273,0.1,0.164341085271318,3.85928216964787,3.743,30.5251400354036,118.803425964801,112.5,30.1417893309943,27.238,1,17.0813285880959,16.582,0.0954381274059326,1,107.408605066537,0.1,-2.34927712202691,21.27565,101.3246,0.331,400,0.2,1018.00527483157,2.10378208837384,2,0.5,880.073020697888,176,298.15,299.077319560311,0.825,80.0647364138731,75,213.505963770328,200,2,1000,1200,40
11.7456440358767,0.97,0.8,41,23.4586772455915,9129.99850159369,0.00243817624833085,220,0.5,3.14496007067365,3,0.919493447939349,1.51110551134219,0.1,0.164341085271318,3.85999687425605,3.743,30.7103250879368,118.841849008018,112.5,30.1602758999387,27.238,1,17.0843961878573,16.582,0.119528318739713,1,107.157086414486,0.1,-2.1242019587838,21.27565,101.3246,0.331,400,0.2,1018.00527483157,2.10442636858905,2,0.5,880.139294299789,176,298.15,299.082949880478,0.825,80.0964103695345,75,213.590427652092,200,2,1000,1100,41
11.7591418388565,0.97,0.8,41,23.5089781906596,9138.43342084938,0.00243574788596676,220,0.5,3.14531587280903,3,0.914162836594188,1.50234512680595,0.1,0.164341085271318,3.8603008860798,3.743,30.7890878788255,118.858191535161,112.5,30.1681418766491,27.238,1,17.0857010386504,16.582,0.132826058287421,1,107.050109101101,0.1,-2.018714839145,21.27565,101.3246,0.331,400,0.2,1018.00527483157,2.10470044783132,2,0.5,880.167483080327,176,298.15,299.085344581646,0.825,80.1098854478988,75,213.626361194397,200,2,1000,1050,42
11.7659482006462,0.97,0.8,41,23.5344637209099,9142.93218081826,0.00243465005955655,220,0.5,3.14547669425296,3,0.911581202710235,1.49810244166333,0.1,0.164341085271318,3.86043833055887,3.743,30.8246949956091,118.865579762116,112.5,30.1716985736793,27.238,1,17.0862909638219,16.582,0.139821475931175,1,107.001746418543,0.1,-1.96738884201656,21.27565,101.3246,0.331,400,0.2,1018.00527483157,2.104824364349,2,0.5,880.180226937741,176,298.15,299.086427182504,0.825,80.1159779590636,75,213.642607890836,200,2,1000,1025,43
11.7714233944386,0.97,0.8,41,23.5550252454359,9146.66947730684,0.00243383066556681,220,0.5,3.14559671513355,3,0.909557748801928,1.49477707555045,0.1,0.164341085271318,3.86054091826487,3.743,30.8512712240995,118.871094179615,112.5,30.1743534610109,27.238,1,17.0867312798939,16.582,0.145595376504085,1,106.965649620989,0.1,-1.92692389850338,21.27565,101.3246,0.331,400,0.2,1018.00527483157,2.10491685674797,2,0.5,880.189738728415,176,298.15,299.087235209052,0.825,80.1205255321775,75,213.654734752473,200,2,1000,1005,44
11.7725213071675,0.97,0.8,41,23.5591549754006,9147.43187304931,0.00243367344129672,220,0.5,3.14561974333414,3,0.909157914221056,1.49411998306096,0.1,0.164341085271318,3.86056060286611,3.743,30.8563706208718,118.872152279246,112.5,30.1748629013057,27.238,1,17.0868157680113,16.582,0.146769107638731,1,106.958723420238,0.1,-1.91889462337526,21.27565,101.3246,0.331,400,0.2,1018.00527483157,2.10493460443828,2,0.5,880.191563843295,176,298.15,299.087390251799,0.825,80.1213981394053,75,213.657061705081,200,2,1000,1001,45
15.3813172705343,0.97,0.8,41,24.4538489417131,9807.42950292164,0.00554188045656888,220,0.5,3.40154329744688,3,2.55202536275609,4.19402617755265,0.1,0.164341085271318,4.11806261483278,3.743,95.7464234958259,132.330124264436,112.5,37.3677967131717,27.238,1,18.1909475618642,16.582,0.00255292831591321,1,243.090516800668,0.1,-5.9705142194902,21.27565,101.3246,0.331,1000,0.2,1242.5259504862,2.34212198055765,2,0.5,903.688414505717,440,298.15,301.063760124925,0.825,91.9700941159732,75,245.253584309262,200,2,1000,2997,46
15.3867514188261,0.97,0.8,41,24.4617783695109,9807.56974849046,0.00554128334264145,220,0.5,3.40160644180271,3,2.54899393229226,4.18904429182913,0.1,0.164341085271318,4.11814121094834,3.743,95.7656965531386,132.33408763707,112.5,37.370158221632,27.238,1,18.1912842451436,16.582,0.00304003810953365,1,243.064184315845,0.1,-5.79588522761177,21.27565,101.3246,0.331,1000,0.2,1242.5259504862,2.34219589819314,2,0.5,903.695474777479,440,298.15,301.064348155518,0.825,91.9738434555216,75,245.263582548058,200,2,1000,2985,47
15.4140699010097,0.97,0.8,41,24.5016263208404,9808.63719216282,0.00553837047887008,220,0.5,3.40191434748287,3,2.53388685265295,4.16421715319709,0.1,0.164341085271318,4.11852463625855,3.743,95.8597142493805,132.353421154693,112.5,37.3816801588379,27.238,1,18.1929267267199,16.582,0.00553626012487791,1,242.935728629659,0.1,-5.19643607389532,21.27565,101.3246,0.331,1000,0.2,1242.5259504862,2.3425565131069,2,0.5,903.729916845284,440,298.15,301.067216691099,0.825,91.9921354955112,75,245.312361321363,200,2,1000,2925,48
15.4485850203096,0.97,0.8,41,24.5519326434307,9810.84734081658,0.00553491381520955,220,0.5,3.402279461088,3,2.51513012501298,4.13339214343218,0.1,0.164341085271318,4.11897967465192,3.743,95.9712821602524,132.376362395413,112.5,37.3953572876237,27.238,1,18.1948759717387,16.582,0.0088054155579599,1,242.783292612324,0.1,-4.73238834246793,21.27565,101.3246,0.331,1000,0.2,1242.5259504862,2.34298450923567,2,0.5,903.770789692745,440,298.15,301.070620713003,0.825,92.013846485355,75,245.37025729428,200,2,1000,2850,49
15.518879753176,0.97,0.8,41,24.6542539171899,9818.30654855473,0.00552864910311928,220,0.5,3.40294041716838,3,2.47804318053536,4.07244305638369,0.1,0.164341085271318,4.11980445480608,3.743,96.1734779586679,132.417935597383,112.5,37.4201566792676,27.238,1,18.1984090605383,16.582,0.0158840825098662,1,242.507026586295,0.1,-4.14243777119967,21.27565,101.3246,0.331,1000,0.2,1242.5259504862,2.34376035268703,2,0.5,903.844868181019,440,298.15,301.076789912983,0.825,92.0532057003502,75,245.475215200934,200,2,1000,2700,50
15.6651540741037,0.97,0.8,41,24.8664795781078,9846.36241358373,0.00551931559002071,220,0.5,3.40392332450061,3,2.40599497401327,3.95403825186676,0.1,0.164341085271318,4.12103346512682,3.743,96.474707433428,132.479862640763,112.5,37.4571317090899,27.238,1,18.2036736996471,16.582,0.0325864026664703,1,242.095436492598,0.1,-3.4238601737388,21.27565,101.3246,0.331,1000,0.2,1242.5259504862,2.34491663045746,2,0.5,903.955239589006,440,298.15,301.085980856251,0.825,92.1118717334797,75,245.631657955946,200,2,1000,2400,51
15.9865615073819,0.97,0.8,41,25.3286460042453,9964.95629658608,0.00551944101671923,220,0.5,3.40391010487079,3,2.27419165555596,3.73743124789042,0.1,0.164341085271318,4.12101691576595,3.743,96.4706517050463,132.479028926781,112.5,37.4566336488345,27.238,1,18.2036028084404,16.582,0.0806661989779344,1,242.10096757754,0.1,-2.51743563930457,21.27565,101.3246,0.331,1000,0.2,1242.5259504862,2.34490105898678,2,0.5,903.953753478581,440,298.15,301.08585710917,0.825,92.1110816281361,75,245.629551008363,200,2,1000,1800,52
16.1675244478682,0.97,0.8,41,25.5855506765826,10063.2485282324,0.00553478991623289,220,0.5,3.40229248383281,3,2.21845729082843,3.64583678802812,0.1,0.164341085271318,4.11899591230828,3.743,95.9752631722941,132.377180969069,112.5,37.3958454088143,27.238,1,18.1949455287617,16.582,0.116238970066366,1,242.777828919258,0.1,-2.15210712016571,21.27565,101.3246,0.331,1000,0.2,1242.5259504862,2.342999782483,2,0.5,903.772248164648,440,298.15,301.07074217709,0.825,92.0146212738321,75,245.372323396886,200,2,1000,1500,53
16.3662121440798,0.97,0.8,41,25.8649012604326,10195.1095644264,0.00556536846062434,220,0.5,3.39905231068394,3,2.17266111293754,3.57057485226944,0.1,0.164341085271318,4.11497165752813,3.743,94.9882220458398,132.174173465553,112.5,37.2750080049653,27.238,1,18.1777066306341,16.582,0.164648386068035,1,244.126352848557,0.1,-1.8039430724062,21.27565,101.3246,0.331,1000,0.2,1242.5259504862,2.33921574553727,2,0.5,903.410702293118,440,298.15,301.04062750572,0.825,91.8227079211775,75,244.860554456473,200,2,1000,1200,54
16.8537804492807,0.97,0.8,41,26.534814317373,10601.8906259122,0.00571532001173261,220,0.5,3.38282895252286,3,2.14418195186592,3.52377188988818,0.1,0.164341085271318,4.0952766824721,3.743,90.1457115451295,131.176743675602,112.5,36.6875496810475,27.238,1,18.0933309312768,16.582,0.340097662868152,1,250.740426745053,0.1,-1.07852245888865,21.27565,101.3246,0.331,1000,0.2,1242.5259504862,2.32073130165868,2,0.5,901.638776296053,440,298.15,300.892905516724,0.825,90.8865437624028,75,242.364116699741,200,2,1000,600,55
17.0248645979141,0.97,0.8,41,26.7795041804129,10915.4463514694,0.00574716845438721,220,0.5,3.37931253357566,3,2.09156362916706,3.4372983673133,0.1,0.164341085271318,4.09110197798691,3.743,89.1167127366421,130.964503536128,112.5,36.5638627434857,27.238,1,18.075444408041,16.582,0.541528305520201,1,252.14544862464,0.1,-0.613359941478437,21.27565,101.3246,0.331,1000,0.2,1242.5259504862,2.31682063911628,2,0.5,901.262650318699,440,298.15,300.861520623546,0.825,90.6887621754596,75,241.836699134559,200,2,1000,300,56
17.0465588343677,0.97,0.8,41,26.8181926481979,11110.145894459,0.00572625077454975,220,0.5,3.38162480797273,3,2.04723754123476,3.36445239334704,0.1,0.164341085271318,4.09384350169549,3.743,89.7925556214792,131.103913176076,112.5,36.6450549490127,27.238,1,18.0871905298068,16.582,0.713609855073304,1,251.222637165364,0.1,-0.337418887451128,21.27565,101.3246,0.331,1000,0.2,1242.5259504862,2.31938847293193,2,0.5,901.509672949733,440,298.15,300.882133917264,0.825,90.8186192892401,75,242.182984771307,200,2,1000,150,57
17.0546498899288,0.97,0.8,41,26.8324463300108,11219.4888379375,0.00571876377644888,220,0.5,3.38244985728155,3,2.03128025221321,3.33822801138915,0.1,0.164341085271318,4.09482507147408,3.743,90.0344395720224,131.153797579697,112.5,36.6741554149123,27.238,1,18.0913960303727,16.582,0.868832031926561,1,250.892347348052,0.1,-0.14060546132171,21.27565,101.3246,0.331,1000,0.2,1242.5259504862,2.32030812843461,2,0.5,901.598096796661,440,298.15,300.889511591078,0.825,90.8651371007938,75,242.307032268783,200,2,1000,75,58
17.0337565121267,0.97,0.8,41,26.7951747667081,11275.7717205939,0.00573892260174053,220,0.5,3.38022530691329,3,2.07384782799803,3.40818402740761,0.1,0.164341085271318,4.09218254940178,3.743,89.3831421153778,131.019466326112,112.5,36.5958496386219,27.238,1,18.0800741696954,16.582,0.594568013742576,1,251.781667307551,0.1,-0.519920164445382,21.27565,101.3246,0.331,1000,0.2,1242.5259504862,2.31783261643076,2,0.5,901.360023929537,440,298.15,300.869646663649,0.825,90.7399335508159,75,241.973156135509,200,2,1000,15,59
17.0562790780083,0.97,0.8,41,26.8353537667677,11334.1342456339,0.00571719071112741,220,0.5,3.38262303084251,3,2.02792840377794,3.33271954729397,0.1,0.164341085271318,4.09503132399406,3.743,90.0852592138873,131.164277562613,112.5,36.6802722054336,27.238,1,18.0922797080308,16.582,0.982173774522359,1,250.822951998499,0.1,-0.0179870264844731,21.27565,101.3246,0.331,1000,0.2,1242.5259504862,2.32050138952715,2,0.5,901.61667555606,440,298.15,300.891061647213,0.825,90.8749132746829,75,242.333102065821,200,2,1000,3,60
15.6164766716799,0.97,0.8,41,24.7959667632645,9835.16642069379,0.00552183818177451,220,0.5,3.40365788711477,3,2.42918391461822,3.99214720851987,0.1,0.164341085271318,4.1207012733822,3.743,96.3932950244389,132.463126787213,112.5,37.4471351380333,27.238,1,18.2022507141253,16.582,0.0267141387007922,1,242.206677230965,0.1,-3.62256231437691,21.27565,101.3246,0.331,1000,0.2,1242.5259504862,2.34460407551494,2,0.5,903.925408657757,440,298.15,301.083496832166,0.825,92.0960128096033,75,245.589367492276,200,2,1000,2498,61
15.6204219508154,0.97,0.8,41,24.801684870548,9836.00407324355,0.00552161512513936,220,0.5,3.40368136448326,3,2.42728068188989,3.98901941519888,0.1,0.164341085271318,4.12073064626081,3.743,96.4004938531676,132.464606671531,112.5,37.4480189743713,27.238,1,18.2023765367207,16.582,0.0271775260703871,1,242.196840902765,0.1,-3.60536489462296,21.27565,101.3246,0.331,1000,0.2,1242.5259504862,2.34463171141519,2,0.5,903.928046399533,440,298.15,301.083716479618,0.825,92.0974150202575,75,245.593106720687,200,2,1000,2490,62
15.6402038695691,0.97,0.8,41,24.8303522436791,9840.39419484683,0.00552053275425067,220,0.5,3.40379526949684,3,2.41778004744132,3.97340596943845,0.1,0.164341085271318,4.12087317863767,3.743,96.4354256688466,132.471787625932,112.5,37.4523080115002,27.238,1,18.20298709255,16.582,0.0295357115717295,1,242.149110685036,0.1,-3.52215518602189,21.27565,101.3246,0.331,1000,0.2,1242.5259504862,2.3447658169042,2,0.5,903.94084595455,440,298.15,301.084782304809,0.825,92.1042194317583,75,245.611251818022,200,2,1000,2450,63
15.6651540741037,0.97,0.8,41,24.8664795781078,9846.36241358373,0.00551931559002071,220,0.5,3.40392332450061,3,2.40599497401327,3.95403825186676,0.1,0.164341085271318,4.12103346512682,3.743,96.474707433428,132.479862640763,112.5,37.4571317090899,27.238,1,18.2036736996471,16.582,0.0325864026664703,1,242.095436492598,0.1,-3.4238601737388,21.27565,101.3246,0.331,1000,0.2,1242.5259504862,2.34491663045746,2,0.5,903.955239589006,440,298.15,301.085980856251,0.825,92.1118717334797,75,245.631657955946,200,2,1000,2400,64
15.7158019626595,0.97,0.8,41,24.9397167369199,9859.95098454807,0.00551734811088473,220,0.5,3.404130239235,3,2.38273092930082,3.91580586830832,0.1,0.164341085271318,4.12129256754011,3.743,96.538203489494,132.49291494149,112.5,37.4649301123102,27.238,1,18.2047835953279,16.582,0.0390526881092946,1,242.008675378404,0.1,-3.24284356743966,21.27565,101.3246,0.331,1000,0.2,1242.5259504862,2.34516042801887,2,0.5,903.978506258498,440,298.15,301.087918231047,0.825,92.1242423609949,75,245.664646295986,200,2,1000,2300,65
15.8203408429554,0.97,0.8,41,25.090425994067,9894.13946545812,0.00551553258517821,220,0.5,3.40432108302847,3,2.33758717762719,3.84161613687569,0.1,0.164341085271318,4.12153166317325,3.743,96.5967936421729,132.504958384276,112.5,37.4721273614904,27.238,1,18.2058077877384,16.582,0.053635044646015,1,241.928615350588,0.1,-2.9255526065286,21.27565,101.3246,0.331,1000,0.2,1242.5259504862,2.34538540946288,2,0.5,903.999975741668,440,298.15,301.089705924111,0.825,92.1356585653773,75,245.695089507673,200,2,1000,2100,66
16.044909654649,0.97,0.8,41,25.411811961268,9994.40460420779,0.00552296496578348,220,0.5,3.4035392351697,3,2.2545108759012,3.70508764101593,0.1,0.164341085271318,4.12055285220917,3.743,96.3569186717165,132.455648706251,112.5,37.4426693351585,27.238,1,18.2016149320615,16.582,0.0914105232348578,1,242.256366178989,0.1,-2.39239467328884,21.27565,101.3246,0.331,1000,0.2,1242.5259504862,2.34446443326359,2,0.5,903.9120800066,440,298.15,301.082386934422,0.825,92.0889276119754,75,245.570473631934,200,2,1000,1700,67
16.1675244478682,0.97,0.8,41,25.5855506765826,10063.2485282324,0.00553478991623289,220,0.5,3.40229248383281,3,2.21845729082843,3.64583678802812,0.1,0.164341085271318,4.11899591230828,3.743,95.9752631722941,132.377180969069,112.5,37.3958454088143,27.238,1,18.1949455287617,16.582,0.116238970066366,1,242.777828919258,0.1,-2.15210712016571,21.27565,101.3246,0.331,1000,0.2,1242.5259504862,2.342999782483,2,0.5,903.772248164648,440,298.15,301.07074217709,0.825,92.0146212738321,75,245.372323396886,200,2,1000,1500,68
16.297632066467,0.97,0.8,41,25.7687547274294,10146.9819610083,0.00555301875062477,220,0.5,3.40036371584836,3,2.1864743649976,3.5932757006162,0.1,0.164341085271318,4.1165965999511,3.743,95.386875282717,132.25617824641,112.5,37.3237677399582,27.238,1,18.1846675377775,16.582,0.146707429674631,1,243.581716900146,0.1,-1.91931494975346,21.27565,101.3246,0.331,1000,0.2,1242.5259504862,2.34074340008069,2,0.5,903.556710649226,440,298.15,301.052790241708,0.825,91.900174418705,75,245.067131783213,200,2,1000,1300,69
16.590666519232,0.97,0.8,41,26.1760906196345,10369.767981058,0.00562017898903186,220,0.5,3.39318641088416,3,2.14358766994695,3.52279524053297,0.1,0.164341085271318,4.10776517006982,3.743,93.2186134434265,131.809954640447,112.5,37.0592982782659,27.238,1,18.1468345710266,16.582,0.233761555401702,1,246.543715949835,0.1,-1.45345367716161,21.27565,101.3246,0.331,1000,0.2,1242.5259504862,2.33244547375361,2,0.5,902.762827498728,440,298.15,300.986640679172,0.825,91.4795689812424,75,243.945517283313,200,2,1000,900,70
16.7605371907226,0.97,0.8,41,26.4084536825284,10516.8346721015,0.0056775281807382,220,0.5,3.38696961373055,3,2.13932781900421,3.51579455526274,0.1,0.164341085271318,4.10023421348552,3.743,91.3665074745136,131.428414673564,112.5,36.8348089397999,27.238,1,18.1145707586992,16.582,0.298791366672044,1,249.073320099627,0.1,-1.20800971947408,21.27565,101.3246,0.331,1000,0.2,1242.5259504862,2.32537866374965,2,0.5,902.085188908041,440,298.15,300.930142562022,0.825,91.1217103406462,75,242.991227575057,200,2,1000,700,71
16.8537804492807,0.97,0.8,41,26.534814317373,10601.8906259122,0.00571532001173261,220,0.5,3.38282895252286,3,2.14418195186592,3.52377188988818,0.1,0.164341085271318,4.0952766824721,3.743,90.1457115451295,131.176743675602,112.5,36.6875496810475,27.238,1,18.0933309312768,16.582,0.340097662868152,1,250.740426745053,0.1,-1.07852245888865,21.27565,101.3246,0.331,1000,0.2,1242.5259504862,2.32073130165868,2,0.5,901.638776296053,440,298.15,300.892905516724,0.825,90.8865437624028,75,242.364116699741,200,2,1000,600,72
16.9029748910893,0.97,0.8,41,26.6011413049503,10647.7798700795,0.00573715518728947,220,0.5,3.3804207722544,3,2.14894918372811,3.5316064104679,0.1,0.164341085271318,4.09241422652573,3.743,89.4402574342209,131.031248029258,112.5,36.6027102481137,27.238,1,18.0810667969726,16.582,0.363704235583387,1,251.703695172081,0.1,-1.01141428124071,21.27565,101.3246,0.331,1000,0.2,1242.5259504862,2.31804960955344,2,0.5,901.380899431402,440,298.15,300.871388684084,0.825,90.7509068159695,75,242.002418175919,200,2,1000,550,73
16.9437373646054,0.97,0.8,41,26.6559227377343,10686.2639488627,0.00575626911802688,220,0.5,3.37830325109352,3,2.15410619967096,3.540081506436,0.1,0.164341085271318,4.08990963942596,3.743,88.8226562529139,130.903833937793,112.5,36.5285899882863,27.238,1,18.0703357315894,16.582,0.384289200306444,1,252.546948270901,0.1,-0.956359884053302,21.27565,101.3246,0.331,1000,0.2,1242.5259504862,2.31570419229544,2,0.5,901.155190440894,440,298.15,300.852552098139,0.825,90.6323157871862,75,241.686175432497,200,2,1000,510,74
16.9520508995093,0.97,0.8,41,26.6670758316292,10694.1598873447,0.00576028282080458,220,0.5,3.37785747656904,3,2.15529565289247,3.54203626676902,0.1,0.164341085271318,4.08938383935477,3.743,88.6929594310278,130.877072464353,112.5,36.5130428802673,27.238,1,18.0680828819388,16.582,0.388606417291055,1,252.724025581924,0.1,-0.945188228302132,21.27565,101.3246,0.331,1000,0.2,1242.5259504862,2.3152119267118,2,0.5,901.107797684557,440,298.15,300.848596477328,0.825,90.6074298736131,75,241.619812996302,200,2,1000,502,75
15.8749428948185,0.97,0.8,41,25.1688805441421,9915.21581942015,0.00551585819279289,220,0.5,3.40428685626758,3,2.31559894616184,3.80548043865356,0.1,0.164341085271318,4.12148877440746,3.743,96.5862840043671,132.502798113763,112.5,37.470836254197,27.238,1,18.2056240691309,16.582,0.0619644183883617,1,241.94297380335,0.1,-2.78119495564085,21.27565,101.3246,0.331,1000,0.2,1242.5259504862,2.34534505186015,2,0.5,903.996124609294,440,298.15,301.089385255362,0.825,92.1336106812359,75,245.689628483296,200,2,1000,1999,76
15.8771322670834,0.97,0.8,41,25.1720223606924,9916.10616052758,0.00551589025104479,220,0.5,3.40428348651816,3,2.31474060594301,3.80406983302262,0.1,0.164341085271318,4.12148455204853,3.743,96.585249335315,132.502585435453,112.5,37.4707091475686,27.238,1,18.2056059822025,16.582,0.0623091945716433,1,241.944387489194,0.1,-2.77564627865875,21.27565,101.3246,0.331,1000,0.2,1242.5259504862,2.3453410787067,2,0.5,903.99574546785,440,298.15,301.089353685679,0.825,92.1334090702637,75,245.689090854036,200,2,1000,1995,77
15.8881109123443,0.97,0.8,41,25.1877723090453,9920.62295521838,0.00551607358635614,220,0.5,3.40426421515981,3,2.31046399306393,3.79704160100429,0.1,0.164341085271318,4.12146040535322,3.743,96.5793322847305,132.50136917149,112.5,37.4699822599072,27.238,1,18.2055025472263,16.582,0.0640509144761281,1,241.952472102818,0.1,-2.74807697320614,21.27565,101.3246,0.331,1000,0.2,1242.5259504862,2.34531835721107,2,0.5,903.99357724188,440,298.15,301.089173145465,0.825,92.1322561081975,75,245.686016288527,200,2,1000,1975,78
15.9019083828887,0.97,0.8,41,25.2075550408823,9926.42293801732,0.00551635710879419,220,0.5,3.40423441118539,3,2.30515376848273,3.7883147202972,0.1,0.164341085271318,4.12142306373046,3.743,96.5701818122272,132.499488262233,112.5,37.4688581848916,27.238,1,18.2053425903178,16.582,0.0662705944941922,1,241.964974715041,0.1,-2.71400900213316,21.27565,101.3246,0.331,1000,0.2,1242.5259504862,2.34528321975765,2,0.5,903.990224179686,440,298.15,301.088893947649,0.825,92.1304731267517,75,245.681261671338,200,2,1000,1950,79
15.9297661220932,0.97,0.8,41,25.2474580889468,9938.5457206867,0.00551711501467174,220,0.5,3.4041547306863,3,2.29465689785301,3.77106404918479,0.1,0.164341085271318,4.12132324495531,3.743,96.545721121823,132.494460242505,112.5,37.4658535089289,27.238,1,18.2049150055065,16.582,0.070858065622317,1,241.998396452329,0.1,-2.64707647850172,21.27565,101.3246,0.331,1000,0.2,1242.5259504862,2.34518929402122,2,0.5,903.981260956992,440,298.15,301.088147607487,0.825,92.125707086962,75,245.668552231899,200,2,1000,1900,80
15.9865615073819,0.97,0.8,41,25.3286460042453,9964.95629658608,0.00551944101671923,220,0.5,3.40391010487079,3,2.27419165555596,3.73743124789042,0.1,0.164341085271318,4.12101691576595,3.743,96.4706517050463,132.479028926781,112.5,37.4566336488345,27.238,1,18.2036028084404,16.582,0.0806661989779344,1,242.10096757754,0.1,-2.51743563930457,21.27565,101.3246,0.331,1000,0.2,1242.5259504862,2.34490105898678,2,0.5,903.953753478581,440,298.15,301.08585710917,0.825,92.1110816281361,75,245.629551008363,200,2,1000,1800,81
16.1056293535019,0.97,0.8,41,25.4979124187185,10027.0946983592,0.00552839330218918,220,0.5,3.40296733757586,3,2.23625612005435,3.67508757714358,0.1,0.164341085271318,4.11983807603875,3.743,96.1817195125812,132.419630036902,112.5,37.4211678419321,27.238,1,18.1985530824641,16.582,0.103216037497197,1,242.495746258888,0.1,-2.27093103590371,21.27565,101.3246,0.331,1000,0.2,1242.5259504862,2.34379198122387,2,0.5,903.847887753416,440,298.15,301.077041372624,0.825,92.0548103242513,75,245.479494198004,200,2,1000,1600,82
16.1675244478682,0.97,0.8,41,25.5855506765826,10063.2485282324,0.00553478991623289,220,0.5,3.40229248383281,3,2.21845729082843,3.64583678802812,0.1,0.164341085271318,4.11899591230828,3.743,95.9752631722941,132.377180969069,112.5,37.3958454088143,27.238,1,18.1949455287617,16.582,0.116238970066366,1,242.777828919258,0.1,-2.15210712016571,21.27565,101.3246,0.331,1000,0.2,1242.5259504862,2.342999782483,2,0.5,903.772248164648,440,298.15,301.07074217709,0.825,92.0146212738321,75,245.372323396886,200,2,1000,1500,83
16.2314545005568,0.97,0.8,41,25.6757461745961,10103.1155167305,0.00554291745919757,220,0.5,3.40143354231622,3,2.20180631604215,3.61847239535609,0.1,0.164341085271318,4.11792603081459,3.743,95.712930109555,132.323236482193,112.5,37.3636931409125,27.238,1,18.1903624745328,16.582,0.13066161961521,1,243.136248433182,0.1,-2.03514435399956,21.27565,101.3246,0.331,1000,0.2,1242.5259504862,2.34199352897704,2,0.5,903.676145036891,440,298.15,301.062738226457,0.825,91.9635787219344,75,245.236209925159,200,2,1000,1400,84
16.3662121440798,0.97,0.8,41,25.8649012604326,10195.1095644264,0.00556536846062434,220,0.5,3.39905231068394,3,2.17266111293754,3.57057485226944,0.1,0.164341085271318,4.11497165752813,3.743,94.9882220458398,132.174173465553,112.5,37.2750080049653,27.238,1,18.1777066306341,16.582,0.164648386068035,1,244.126352848557,0.1,-1.8039430724062,21.27565,101.3246,0.331,1000,0.2,1242.5259504862,2.33921574553727,2,0.5,903.410702293118,440,298.15,301.04062750572,0.825,91.8227079211775,75,244.860554456473,200,2,1000,1200,85
16.4377025028534,0.97,0.8,41,25.964518425747,10248.0080650601,0.00558037730849738,220,0.5,3.39745343534626,3,2.16067702976504,3.55088007992394,0.1,0.164341085271318,4.11299742856971,3.743,94.5036969822922,132.074481652143,112.5,37.2158270558802,27.238,1,18.1692493424908,16.582,0.184829130212469,1,244.788277338977,0.1,-1.68832350117716,21.27565,101.3246,0.331,1000,0.2,1242.5259504862,2.3373602472462,2,0.5,903.23327108613,440,298.15,301.025845210088,0.825,91.728636500231,75,244.609697333949,200,2,1000,1100,86
16.4746135598331,0.97,0.8,41,26.0157703969514,10276.3570223029,0.00558900399760983,220,0.5,3.39653191682386,3,2.15546557384956,3.54231551671401,0.1,0.164341085271318,4.11186298959219,3.743,94.2251879178632,132.017166746749,112.5,37.1818499604054,27.238,1,18.1643895277476,16.582,0.195889879128417,1,245.168742785292,0.1,-1.63020261882507,21.27565,101.3246,0.331,1000,0.2,1242.5259504862,2.33629429704143,2,0.5,903.131296071646,440,298.15,301.017348397683,0.825,91.6746040209344,75,244.465610722492,200,2,1000,1050,87
16.4933850108101,0.97,0.8,41,26.0417868028621,10291.0328139113,0.00559362648421853,220,0.5,3.39603737642601,3,2.15307714272228,3.53839034307848,0.1,0.164341085271318,4.11125520564106,3.743,94.0759477911673,131.986450996539,112.5,37.1636553942394,27.238,1,18.1617858298886,16.582,0.201690067812947,1,245.372612318767,0.1,-1.60102307760949,21.27565,101.3246,0.331,1000,0.2,1242.5259504862,2.3357232855173,2,0.5,903.076656561552,440,298.15,301.012795401435,0.825,91.6456626919271,75,244.388433845139,200,2,1000,1025,88
16.5085553141748,0.97,0.8,41,26.0627888408949,10303.0215350024,0.00559747770119298,220,0.5,3.39562494735586,3,2.15127481587485,3.53542837957727,0.1,0.164341085271318,4.11074887875045,3.743,93.9516059247804,131.96085789088,112.5,37.1485027832822,27.238,1,18.1596167570748,16.582,0.206467188291972,1,245.542467278412,0.1,-1.57761377367598,21.27565,101.3246,0.331,1000,0.2,1242.5259504862,2.33524763477584,2,0.5,903.031134984328,440,298.15,301.009002025719,0.825,91.6215562346935,75,244.324149959183,200,2,1000,1005,89
16.5116057966472,0.97,0.8,41,26.0670095210585,10305.4461701355,0.00559826445986552,220,0.5,3.39554064780763,3,2.15092599532495,3.53485512409992,0.1,0.164341085271318,4.11064544736412,3.743,93.9262040303506,131.955629258105,112.5,37.1454079704742,27.238,1,18.1591736624738,16.582,0.207437721451352,1,245.577166820418,0.1,-1.57292412194553,21.27565,101.3246,0.331,1000,0.2,1242.5259504862,2.33515047455815,2,0.5,903.021835595978,440,298.15,301.00822707724,0.825,91.6166322334538,75,244.31101928921,200,2,1000,1001,90
14.6617745411481,0.97,0.8,41,24.9532434292693,7542.65121408027,0.00711861322325051,220,0.5,3.59814804683188,3,2.28134105169116,3.74918064308934,0.1,0.164341085271318,4.61023726213194,3.743,210.72741499859,154.509220333775,112.5,54.3053439151539,27.238,1,20.2956195410468,16.582,4.53999297624848e-05,1,311.172431846169,0.1,-10,21.27565,101.3246,0.331,1600,0.2,1468.58717316374,2.82283537354535,2,0.5,946.686553184479,704,298.15,304.582786051293,0.825,117.050691170678,75,312.135176455142,200,2,1000,2997,91
14.6617525205356,0.97,0.8,41,24.9532240323928,7542.65325647151,0.00711859120703175,220,0.5,3.59814803769597,3,2.28132162103987,3.74914871054614,0.1,0.164341085271318,4.61024040990889,3.743,210.728116340018,154.50934179749,112.5,54.3054666867453,27.238,1,20.2956329792498,16.582,4.53999297624848e-05,1,311.171462852162,0.1,-10,21.27565,101.3246,0.331,1600,0.2,1468.58717316374,2.82283856063319,2,0.5,946.686820873325,704,298.15,304.58280758255,0.825,117.050861877204,75,312.135631672543,200,2,1000,2985,92
14.661786463045,0.97,0.8,41,24.9532539306788,7542.66346887321,0.00711862514280517,220,0.5,3.59814805177162,3,2.28135157150193,3.74919793146054,0.1,0.164341085271318,4.61023555792985,3.743,210.727035293141,154.509154573362,112.5,54.305277446865,27.238,1,20.2956122656221,16.582,4.53999297624848e-05,1,311.172956458389,0.1,-10,21.27565,101.3246,0.331,1600,0.2,1468.58717316374,2.822833648061,2,0.5,946.686408258071,704,298.15,304.582774394296,0.825,117.050598750457,75,312.134930001217,200,2,1000,2925,93
14.6766138011949,0.97,0.8,41,24.9751614365417,7542.78906341503,0.00711529153219738,220,0.5,3.59814649397453,3,2.27215516345843,3.73408445467587,0.1,0.164341085271318,4.61071219669422,3.743,210.833228350602,154.527543294451,112.5,54.3238698044842,27.238,1,20.2976470853408,16.582,0.00174453033957224,1,311.026235609457,0.1,-6.35126990593107,21.27565,101.3246,0.331,1600,0.2,1468.58717316374,2.82331625539005,2,0.5,946.726940908705,704,298.15,304.586034541707,0.825,117.076448758527,75,312.203863356072,200,2,1000,2850,94
14.7401566314333,0.97,0.8,41,25.0685254736125,7545.8145658744,0.00710221851305855,220,0.5,3.59813697078608,3,2.23423042005517,3.67175851978058,0.1,0.164341085271318,4.61258169756609,3.743,211.249655218006,154.599601907991,112.5,54.3968367439808,27.238,1,20.3056281146752,16.582,0.0093796655493015,1,310.450867287749,0.1,-4.66921117232447,21.27565,101.3246,0.331,1600,0.2,1468.58717316374,2.8252094812889,2,0.5,946.885900973059,704,298.15,304.59881910643,0.825,117.177868501214,75,312.474316003236,200,2,1000,2700,95
14.8748755591987,0.97,0.8,41,25.2631815848916,7564.97456098697,0.00708200738571531,220,0.5,3.59811154178392,3,2.16264716283993,3.55411781800051,0.1,0.164341085271318,4.6154729944529,3.743,211.893402938932,154.710835291275,112.5,54.5098192255522,27.238,1,20.3179710696162,16.582,0.027450483054058,1,309.561366032894,0.1,-3.59537151358369,21.27565,101.3246,0.331,1600,0.2,1468.58717316374,2.82813845807755,2,0.5,947.131681211044,704,298.15,304.618583125558,0.825,117.3348122806,75,312.892832748268,200,2,1000,2400,96
15.1840068458723,0.97,0.8,41,25.6927500070282,7665.12352988411,0.00707455341678917,220,0.5,3.59809888275338,3,2.04043571973199,3.35327420607118,0.1,0.164341085271318,4.61653960064261,3.743,212.130796630918,154.751805161493,112.5,54.5515400514896,27.238,1,20.3225243555154,16.582,0.0794643368626057,1,309.233322208692,0.1,-2.53244695089296,21.27565,101.3246,0.331,1600,0.2,1468.58717316374,2.82921926734394,2,0.5,947.222331366581,704,298.15,304.625871639777,0.825,117.392737417246,75,313.047299779322,200,2,1000,1800,97
15.3659947715369,0.97,0.8,41,25.9347348840231,7753.42021376738,0.00709512966621486,220,0.5,3.5981295326643,3,1.99330027478426,3.27581130429661,0.1,0.164341085271318,4.61359557645265,3.743,211.475434466709,154.638636660421,112.5,54.4364372066449,27.238,1,20.3099563932747,16.582,0.117700834688351,1,310.138879974623,0.1,-2.13960917308131,21.27565,101.3246,0.331,1600,0.2,1468.58717316374,2.82623643665315,2,0.5,946.972096149656,704,298.15,304.605750789745,0.825,117.232890595473,75,312.621041587927,200,2,1000,1500,98
15.5742430032939,0.97,0.8,41,26.2023109736005,7874.39659410232,0.00714041438690348,220,0.5,3.59814951816805,3,1.95957856000446,3.22039267225539,0.1,0.164341085271318,4.60712082791359,3.743,210.032857583481,154.388818365243,112.5,54.1838897871548,27.238,1,20.2823150073458,16.582,0.169266381144759,1,312.13198126364,0.1,-1.77628158519819,21.27565,101.3246,0.331,1600,0.2,1468.58717316374,2.8196807176613,2,0.5,946.421486479349,704,298.15,304.561463462094,0.825,116.881749340653,75,311.684664908409,200,2,1000,1200,99
16.1190065088132,0.97,0.8,41,26.8604295422228,8254.03212876597,0.00736105103812841,220,0.5,3.59731181749318,3,1.96337936549288,3.22663895724411,0.1,0.164341085271318,4.57566318198984,3.743,202.999512342622,153.157083618131,112.5,52.9685124465649,27.238,1,20.1480022341337,16.582,0.351887023244802,1,321.845294288345,0.1,-1.04444511159256,21.27565,101.3246,0.331,1600,0.2,1468.58717316374,2.78791538993836,2,0.5,943.74101320554,704,298.15,304.345587829281,0.825,115.183695045704,75,307.156520121878,200,2,1000,600,100
16.5140475982578,0.97,0.8,41,27.3054738456355,8552.57558384077,0.0076071035655477,220,0.5,3.59454497073751,3,2.04672983289936,3.36361801995863,0.1,0.164341085271318,4.54075491513183,3.743,195.146499212246,151.755944363706,112.5,51.6422376398216,27.238,1,19.9989238444525,16.582,0.541254423024505,1,332.68242541345,0.1,-0.613865827829071,21.27565,101.3246,0.331,1600,0.2,1468.58717316374,2.75283241083799,2,0.5,940.756081370392,704,298.15,304.104650351159,0.825,113.314841745038,75,302.172911320103,200,2,1000,300,101
16.7785518078582,0.97,0.8,41,27.5907617424601,8749.00016205524,0.00781094161150936,220,0.5,3.59079136063135,3,2.14421421339885,3.52382490884152,0.1,0.164341085271318,4.5119880590026,3.743,188.636479464919,150.57486635933,112.5,50.5668587789655,27.238,1,19.8760467623889,16.582,0.70527623995974,1,341.66415430407,0.1,-0.349165723184963,21.27565,101.3246,0.331,1600,0.2,1468.58717316374,2.72405371574062,2,0.5,938.287946260431,704,298.15,303.904994204478,0.825,111.786989595927,75,298.098638922472,200,2,1000,150,102
16.9421148740851,0.97,0.8,41,27.7626026852848,8865.30777737445,0.00795280703901722,220,0.5,3.58739641851172,3,2.22397970022203,3.65491237555869,0.1,0.164341085271318,4.49203053969935,3.743,184.099315458592,149.741760790056,112.5,49.8300450535217,27.238,1,19.7907846784918,16.582,0.826015212543723,1,347.917304246896,0.1,-0.191142088507601,21.27565,101.3246,0.331,1600,0.2,1468.58717316374,2.70415828014334,2,0.5,936.57116120497,704,298.15,303.765885010449,0.825,110.733493495486,75,295.289315987963,200,2,1000,75,103
17.0975612764034,0.97,0.8,41,27.9229359395459,8970.46581152298,0.00809916433411018,220,0.5,3.58322393765108,3,2.31582350743199,3.80584948508203,0.1,0.164341085271318,4.47150537820312,3.743,179.415226309672,148.873479949374,112.5,49.0801251069606,27.238,1,19.703085570622,16.582,0.957969027521947,1,354.370253259582,0.1,-0.0429398318867871,21.27565,101.3246,0.331,1600,0.2,1468.58717316374,2.68375714260625,2,0.5,934.801693596943,704,298.15,303.622306724019,0.825,109.655565272093,75,292.41484072558,200,2,1000,15,104
17.1325117597041,0.97,0.8,41,27.9586011683428,8993.1088200326,0.00813366590121874,220,0.5,3.58214155732206,3,2.33888002490729,3.84374081612671,0.1,0.164341085271318,4.46667672825094,3.743,178.310619677732,148.667544283603,112.5,48.9048541703375,27.238,1,19.6824521362491,16.582,0.990137430424602,1,355.891706983266,0.1,-0.0099115268772047,21.27565,101.3246,0.331,1600,0.2,1468.58717316374,2.67896654622345,2,0.5,934.384846505502,704,298.15,303.58845322175,0.825,109.402791798199,75,291.740778128531,200,2,1000,3,105
14.8296561924576,0.97,0.8,41,25.1983457052762,7556.69426331529,0.00708764787065137,220,0.5,3.59811994620801,3,2.18536851264475,3.59145833085804,0.1,0.164341085271318,4.61466597297923,3.743,211.713753891206,154.679813368775,112.5,54.4782669877914,27.238,1,20.3145259161041,16.582,0.0210916138131375,1,309.809602927822,0.1,-3.85887976711848,21.27565,101.3246,0.331,1600,0.2,1468.58717316374,2.82732079867018,2,0.5,947.063086274973,704,298.15,304.61306756205,0.825,117.290994747452,75,312.775985993205,200,2,1000,2498,106
14.8333016340824,0.97,0.8,41,25.2035915183172,7557.2943836956,0.00708715002780213,220,0.5,3.59811924514801,3,2.18348833636063,3.5883684287477,0.1,0.164341085271318,4.61473719881072,3.743,211.729610368749,154.6825520906,112.5,54.48105120162,27.238,1,20.3148299780446,16.582,0.0215931091084191,1,309.787692829439,0.1,-3.83538103794898,21.27565,101.3246,0.331,1600,0.2,1468.58717316374,2.82739295962092,2,0.5,947.069140536672,704,298.15,304.613554383581,0.825,117.294861630449,75,312.786297681196,200,2,1000,2490,107
14.8516486387565,0.97,0.8,41,25.2299423711226,7560.49564225882,0.00708475958047145,220,0.5,3.59811576907744,3,2.17415555926121,3.57303084157656,0.1,0.164341085271318,4.61507920785052,3.743,211.805746408717,154.695700608172,112.5,54.4944216995893,27.238,1,20.3162900072121,16.582,0.0241465504317309,1,309.682489371224,0.1,-3.72361374835186,21.27565,101.3246,0.331,1600,0.2,1468.58717316374,2.82773946901457,2,0.5,947.098210994359,704,298.15,304.615891898641,0.825,117.313430402172,75,312.835814405792,200,2,1000,2450,108
14.8748755591987,0.97,0.8,41,25.2631815848916,7564.97456098697,0.00708200738571531,220,0.5,3.59811154178392,3,2.16264716283993,3.55411781800051,0.1,0.164341085271318,4.6154729944529,3.743,211.893402938932,154.710835291275,112.5,54.5098192255522,27.238,1,20.3179710696162,16.582,0.027450483054058,1,309.561366032894,0.1,-3.59537151358369,21.27565,101.3246,0.331,1600,0.2,1468.58717316374,2.82813845807755,2,0.5,947.131681211044,704,298.15,304.618583125558,0.825,117.3348122806,75,312.892832748268,200,2,1000,2400,109
14.9223512299975,0.97,0.8,41,25.3307028895906,7575.57105872004,0.00707733611249301,220,0.5,3.59810381515424,3,2.14017616163528,3.51718873074945,0.1,0.164341085271318,4.61614141616712,3.743,212.042178470112,154.736514388642,112.5,54.5359622635629,27.238,1,20.3208245305906,16.582,0.0344553653511077,1,309.35578605821,0.1,-3.36809055051107,21.27565,101.3246,0.331,1600,0.2,1468.58717316374,2.82881576149492,2,0.5,947.188491112648,704,298.15,304.623150854324,0.825,117.371111078114,75,312.989629541638,200,2,1000,2300,110
15.021764825122,0.97,0.8,41,25.4702634518418,7603.69932060748,0.0070717127346801,220,0.5,3.59809359279805,3,2.09758650134578,3.44719642081631,0.1,0.164341085271318,4.61694615905247,3.743,212.221271769553,154.76741250783,112.5,54.5674486489945,27.238,1,20.3242599236722,16.582,0.0502487804901891,1,309.108307004153,0.1,-2.9907690011894,21.27565,101.3246,0.331,1600,0.2,1468.58717316374,2.82963128250753,2,0.5,947.256881838534,704,298.15,304.628649452157,0.825,117.414820750882,75,313.106188669019,200,2,1000,2100,111
15.2422056919463,0.97,0.8,41,25.7709927219554,7691.32452497993,0.00707915756437373,220,0.5,3.59810691103511,3,2.023477192259,3.32540437797602,0.1,0.164341085271318,4.61588073163218,3.743,211.984158171447,154.726501160338,112.5,54.5257654353879,27.238,1,20.3197116820142,16.582,0.0910406049645672,1,309.435946944445,0.1,-2.39644966358482,21.27565,101.3246,0.331,1600,0.2,1468.58717316374,2.8285516054696,2,0.5,947.166335717304,704,298.15,304.621369502037,0.825,117.356953833202,75,312.951876888539,200,2,1000,1700,112
15.3659947715369,0.97,0.8,41,25.9347348840231,7753.42021376738,0.00709512966621486,220,0.5,3.5981295326643,3,1.99330027478426,3.27581130429661,0.1,0.164341085271318,4.61359557645265,3.743,211.475434466709,154.638636660421,112.5,54.4364372066449,27.238,1,20.3099563932747,16.582,0.117700834688351,1,310.138879974623,0.1,-2.13960917308131,21.27565,101.3246,0.331,1600,0.2,1468.58717316374,2.82623643665315,2,0.5,946.972096149656,704,298.15,304.605750789745,0.825,117.232890595473,75,312.621041587927,200,2,1000,1500,113
15.5013773573908,0.97,0.8,41,26.1097785706172,7829.98582713813,0.0071219927230351,220,0.5,3.59814926642826,3,1.96903090476528,3.23592675821892,0.1,0.164341085271318,4.60975398301867,3.743,210.619733026992,154.490568400972,112.5,54.2864970549896,27.238,1,20.2935563665232,16.582,0.150219536033407,1,311.321173599953,0.1,-1.89565748130974,21.27565,101.3246,0.331,1600,0.2,1468.58717316374,2.82234607589203,2,0.5,946.645453792078,704,298.15,304.579480212839,0.825,117.024484118682,75,312.065290983152,200,2,1000,1300,114
15.8190990037434,0.97,0.8,41,26.5051419577805,8036.63985335356,0.00722191007018774,220,0.5,3.59802091428566,3,1.94538811414723,3.19707193952878,0.1,0.164341085271318,4.59548431665575,3.743,207.435910231511,153.936648693458,112.5,53.7320654106141,27.238,1,20.2326345554467,16.582,0.241948070612524,1,315.719264697763,0.1,-1.41903216009771,21.27565,101.3246,0.331,1600,0.2,1468.58717316374,2.80791381626613,2,0.5,945.430983747921,704,298.15,304.481745431337,0.825,116.252081115864,75,310.005549642305,200,2,1000,900,115
16.0111774941423,0.97,0.8,41,26.7345479020261,8174.21917444276,0.00730618173539433,220,0.5,3.59766521794357,3,1.95249380591973,3.20874951050375,0.1,0.164341085271318,4.58347253538978,3.743,204.74935650423,153.465625109212,112.5,53.2684352018691,27.238,1,20.1813479486949,16.582,0.309427918825988,1,319.429338224664,0.1,-1.17303010953602,21.27565,101.3246,0.331,1600,0.2,1468.58717316374,2.79578784950741,2,0.5,944.407267769591,704,298.15,304.399288467102,0.825,115.604003534191,75,308.277342757844,200,2,1000,700,116
16.1190065088132,0.97,0.8,41,26.8604295422228,8254.03212876597,0.00736105103812841,220,0.5,3.59731181749318,3,1.96337936549288,3.22663895724411,0.1,0.164341085271318,4.57566318198984,3.743,202.999512342622,153.157083618131,112.5,52.9685124465649,27.238,1,20.1480022341337,16.582,0.351887023244802,1,321.845294288345,0.1,-1.04444511159256,21.27565,101.3246,0.331,1600,0.2,1468.58717316374,2.78791538993836,2,0.5,943.74101320554,704,298.15,304.345587829281,0.825,115.183695045704,75,307.156520121878,200,2,1000,600,117
16.1765603772756,0.97,0.8,41,26.926808339241,8297.14624355617,0.00739252077447544,220,0.5,3.59706576036731,3,1.97122669289495,3.23953534026147,0.1,0.164341085271318,4.57118830254003,3.743,201.995682803114,152.979469396423,112.5,52.797184384823,27.238,1,20.1288938517019,16.582,0.376022669752704,1,323.231057716804,0.1,-0.978105845514238,21.27565,101.3246,0.331,1600,0.2,1468.58717316374,2.78340830487258,2,0.5,943.358991713323,704,298.15,304.314783772026,0.825,114.943218735458,75,306.515249961222,200,2,1000,550,118
16.2245959868648,0.97,0.8,41,26.9817904433868,8333.32674553046,0.00741993906244699,220,0.5,3.59682560461686,3,1.97887186738726,3.25209950299302,0.1,0.164341085271318,4.56729195701481,3.743,201.120954086266,152.824336287125,112.5,52.6483217856073,27.238,1,20.112255431913,16.582,0.396996355864636,1,324.438485474256,0.1,-0.923828177519351,21.27565,101.3246,0.331,1600,0.2,1468.58717316374,2.77948626523111,2,0.5,943.026212726907,704,298.15,304.287942727054,0.825,114.734050032484,75,305.95746675329,200,2,1000,510,119
16.2344311748193,0.97,0.8,41,26.993001726271,8340.75244264893,0.00742568162045268,220,0.5,3.59677226544032,3,1.9805608574523,3.25487520759603,0.1,0.164341085271318,4.56647618307119,3.743,200.937732882253,152.791799588199,112.5,52.617191704825,27.238,1,20.1087718083427,16.582,0.4013868642593,1,324.691380447226,0.1,-0.912829567970266,21.27565,101.3246,0.331,1600,0.2,1468.58717316374,2.77866538849543,2,0.5,942.956521774239,704,298.15,304.282320745385,0.825,114.690282242664,75,305.840752647103,200,2,1000,502,120
15.0744891956569,0.97,0.8,41,25.543278901415,7621.66232208098,0.0070710085575207,220,0.5,3.59809224191041,3,2.07737443501936,3.41397969165972,0.1,0.164341085271318,4.61704693339628,3.743,212.243696955416,154.771280347203,112.5,54.571392441619,27.238,1,20.3246901212703,16.582,0.0592634626401805,1,309.077317094369,0.1,-2.82576230722111,21.27565,101.3246,0.331,1600,0.2,1468.58717316374,2.82973341309392,2,0.5,947.265445697501,704,298.15,304.629337963372,0.825,117.420294927052,75,313.120786472139,200,2,1000,1999,121
15.0766155321121,0.97,0.8,41,25.546208500898,7622.42846339353,0.00707101434622202,220,0.5,3.59809225308387,3,2.07659435751744,3.41269770382711,0.1,0.164341085271318,4.61704610466341,3.743,212.243512540245,154.771248540714,112.5,54.5713600084403,27.238,1,20.3246865834773,16.582,0.0596363001709053,1,309.077571847966,0.1,-2.81949082704437,21.27565,101.3246,0.331,1600,0.2,1468.58717316374,2.82973257320185,2,0.5,947.265375271695,704,298.15,304.629332301346,0.825,117.420249908793,75,313.120666423449,200,2,1000,1995,122
15.0872871648982,0.97,0.8,41,25.5608975098489,7626.32314697666,0.00707107605429449,220,0.5,3.59809237210823,3,2.07271153097898,3.4063166245546,0.1,0.164341085271318,4.61703727175226,3.743,212.241546980118,154.770909535242,112.5,54.5710143256433,27.238,1,20.3246488764986,16.582,0.0615199350908685,1,309.080287541192,0.1,-2.78839400887522,21.27565,101.3246,0.331,1600,0.2,1468.58717316374,2.82972362135829,2,0.5,947.264624649604,704,298.15,304.629271953533,0.825,117.419770089754,75,313.119386906012,200,2,1000,1975,123
15.1007321011039,0.97,0.8,41,25.5793637824838,7631.34280310377,0.00707124518390944,220,0.5,3.59809269768358,3,2.06791184918065,3.39842877539766,0.1,0.164341085271318,4.61701306445951,3.743,212.236160190537,154.769980451673,112.5,54.570066962388,27.238,1,20.3245455375251,16.582,0.0639199565859082,1,309.087730716593,0.1,-2.75012365671853,21.27565,101.3246,0.331,1600,0.2,1468.58717316374,2.82969908817924,2,0.5,947.262567506749,704,298.15,304.629106565102,0.825,117.418455113012,75,313.115880301366,200,2,1000,1950,124
15.1279835663765,0.97,0.8,41,25.61665629886,7641.89543425509,0.00707189997015441,220,0.5,3.59809394952781,3,2.05849619666936,3.38295498987523,0.1,0.164341085271318,4.61691934960082,3.743,212.215305826657,154.766383476891,112.5,54.5663994976184,27.238,1,20.3241454762237,16.582,0.0688772323812117,1,309.116547028345,0.1,-2.67542959996591,21.27565,101.3246,0.331,1600,0.2,1468.58717316374,2.82960411249394,2,0.5,947.254603541459,704,298.15,304.628466282417,0.825,117.413364454048,75,313.102305210794,200,2,1000,1900,125
15.1840068458723,0.97,0.8,41,25.6927500070282,7665.12352988411,0.00707455341678917,220,0.5,3.59809888275338,3,2.04043571973199,3.35327420607118,0.1,0.164341085271318,4.61653960064261,3.743,212.130796630918,154.751805161493,112.5,54.5515400514896,27.238,1,20.3225243555154,16.582,0.0794643368626057,1,309.233322208692,0.1,-2.53244695089296,21.27565,101.3246,0.331,1600,0.2,1468.58717316374,2.82921926734394,2,0.5,947.222331366581,704,298.15,304.625871639777,0.825,117.392737417246,75,313.047299779322,200,2,1000,1800,126
15.3027917323729,0.97,0.8,41,25.8515823978017,7720.68649787381,0.0070859349937911,220,0.5,3.59811750161021,3,2.00772690786825,3.29952018967496,0.1,0.164341085271318,4.61491097832922,3.743,211.768296740566,154.68923347994,112.5,54.487844650192,27.238,1,20.3155718394462,16.582,0.103734853153969,1,309.734219306531,0.1,-2.26591712422613,21.27565,101.3246,0.331,1600,0.2,1468.58717316374,2.82756902373395,2,0.5,947.083911767718,704,298.15,304.614742124445,0.825,117.304296484564,75,312.811457292171,200,2,1000,1600,127
15.3659947715369,0.97,0.8,41,25.9347348840231,7753.42021376738,0.00709512966621486,220,0.5,3.5981295326643,3,1.99330027478426,3.27581130429661,0.1,0.164341085271318,4.61359557645265,3.743,211.475434466709,154.638636660421,112.5,54.4364372066449,27.238,1,20.3099563932747,16.582,0.117700834688351,1,310.138879974623,0.1,-2.13960917308131,21.27565,101.3246,0.331,1600,0.2,1468.58717316374,2.82623643665315,2,0.5,946.972096149656,704,298.15,304.605750789745,0.825,117.232890595473,75,312.621041587927,200,2,1000,1500,128
15.432084737783,0.97,0.8,41,26.0207019540586,7789.76335138552,0.00710703403414058,220,0.5,3.59814111213923,3,1.98034293180263,3.25451706621828,0.1,0.164341085271318,4.61189290370501,3.743,211.096244681731,154.573065202744,112.5,54.369945047658,27.238,1,20.3026876171319,16.582,0.133121732884614,1,310.662805983387,0.1,-2.01649128453142,21.27565,101.3246,0.331,1600,0.2,1468.58717316374,2.8245118878816,2,0.5,946.82733777147,704,298.15,304.594109273976,0.825,117.14049625076,75,312.374656668694,200,2,1000,1400,129
15.5742430032939,0.97,0.8,41,26.2023109736005,7874.39659410232,0.00714041438690348,220,0.5,3.59814951816805,3,1.95957856000446,3.22039267225539,0.1,0.164341085271318,4.60712082791359,3.743,210.032857583481,154.388818365243,112.5,54.1838897871548,27.238,1,20.2823150073458,16.582,0.169266381144759,1,312.13198126364,0.1,-1.77628158519819,21.27565,101.3246,0.331,1600,0.2,1468.58717316374,2.8196807176613,2,0.5,946.421486479349,704,298.15,304.561463462094,0.825,116.881749340653,75,311.684664908409,200,2,1000,1200,130
15.651113130353,0.97,0.8,41,26.298701450487,7923.35245950912,0.00716278457857968,220,0.5,3.59813529124064,3,1.95224848710905,3.2083463509079,0.1,0.164341085271318,4.60392465910301,3.743,209.320115782226,154.265029869075,112.5,54.0595252970625,27.238,1,20.2686697916758,16.582,0.190599541029836,1,313.11661764985,0.1,-1.65758069579308,21.27565,101.3246,0.331,1600,0.2,1468.58717316374,2.81644679765628,2,0.5,946.149548137735,704,298.15,304.539583447208,0.825,116.708619890183,75,311.222986373821,200,2,1000,1100,131
15.6912142562105,0.97,0.8,41,26.3484974896001,7949.66217993749,0.00717563476818859,220,0.5,3.59811990907956,3,1.94948171513615,3.20379940782064,0.1,0.164341085271318,4.60208935687533,3.743,208.910655904708,154.193808323841,112.5,53.9882029146278,27.238,1,20.2608343142143,16.582,0.202252584601485,1,313.682245193215,0.1,-1.59823794388422,21.27565,101.3246,0.331,1600,0.2,1468.58717316374,2.81459048099313,2,0.5,945.993354696346,704,298.15,304.527014073093,0.825,116.609267282189,75,310.958046085837,200,2,1000,1050,132
15.7117110284483,0.97,0.8,41,26.373823175624,7963.29986118722,0.00718251104388945,220,0.5,3.59810951667101,3,1.94834278061025,3.20192767046026,0.1,0.164341085271318,4.60110747185546,3.743,208.691538375414,154.155663049536,112.5,53.950072486508,27.238,1,20.2566423020953,16.582,0.208352114514737,1,313.984924413017,0.1,-1.56852577230634,21.27565,101.3246,0.331,1600,0.2,1468.58717316374,2.81359755191321,2,0.5,945.909779008646,704,298.15,304.52028783719,0.825,116.556132204589,75,310.816352545571,200,2,1000,1025,133
15.7283329591692,0.97,0.8,41,26.3942988736917,7974.44878998665,0.00718823984421474,220,0.5,3.59809970779309,3,1.94755530627367,3.20063352658929,0.1,0.164341085271318,4.60028954761454,3.743,208.508980065793,154.123865258983,112.5,53.9183236496744,27.238,1,20.2531502754842,16.582,0.2133707857963,1,314.237097259665,0.1,-1.54472384828495,21.27565,101.3246,0.331,1600,0.2,1468.58717316374,2.8127705335376,2,0.5,945.840152698181,704,298.15,304.514683917595,0.825,116.511879759218,75,310.698346024582,200,2,1000,1005,134
15.7316820182881,0.97,0.8,41,26.3984178441382,7976.7044496469,0.00718941027594335,220,0.5,3.59809757509026,3,1.94741100176377,3.20039637499162,0.1,0.164341085271318,4.60012245249804,3.743,208.471681535876,154.117366750408,112.5,53.9118392310925,27.238,1,20.2524368811941,16.582,0.214390057909138,1,314.288618181961,0.1,-1.53995822255315,21.27565,101.3246,0.331,1600,0.2,1468.58717316374,2.81260159238644,2,0.5,945.82592788765,704,298.15,304.513538986261,0.825,116.502840452222,75,310.674241205924,200,2,1000,1001,135
