A,abs_l,abs_s,C_air,C_chl,carbon_balance,E,E_q,f_par,g_mc,g_mc25,g_sc,g_sw,g_uc,g_uw,gamma_star,gamma_star25,H,J_max,J_max25,K_C,K_C25,k_mc,K_O,K_O25,k_sc,k_uc,L,leafsize,logit_sr,O,P,phi_J,PPFD,r,R_abs,R_d,R_d25,RH,S_r,S_sw,T_air,T_leaf,theta_J,V_cmax,V_cmax25,V_tpu,V_tpu25,wind,H2O,i
8.60721163670794,0.97,0.8,41,25.7947249341887,6729.20144052221,0.00187801019618573,220,0.5,3.238614552384,3,0.614931774380302,1.01058555169476,0.1,0.164341085271318,3.94385976676436,3.743,29.0071956533643,82.2105957917225,75,32.3849292439423,27.238,1,17.4442275684099,16.582,0.987308207954969,1,82.4849176279984,0.04,-0.012773020862403,21.27565,101.3246,0.331,350,0.2,999.366528116667,2.18056574188677,2,0.5,887.87437435621,154,298.15,299.737915835204,0.825,55.9062080863339,50,223.624832345336,200,0.2,1000,31
10.3171774155721,0.97,0.8,41,29.251153157831,4460.34342299037,0.00585683399258174,220,0.5,3.54109511070856,3,1.17979612284009,1.93888975226434,0.1,0.164341085271318,4.88768995156157,3.743,205.307718407288,109.317148646727,75,65.8991641849391,27.238,1,21.479038671116,16.582,0.998518212803496,1,255.548590046526,0.4,-0.00148288612887602,21.27565,101.3246,0.331,1500,0.2,1430.8056970972,3.10924015988148,2,0.5,969.949387996157,660,298.15,306.436907680194,0.825,88.4085882718834,50,353.634353087534,200,2,1000,72
10.9384191798091,0.97,0.8,41,27.3952338851065,7697.99383579106,0.00324042534401801,220,0.5,3.31646694158832,3,0.911076593728258,1.49727316178597,0.1,0.164341085271318,4.02118283757289,3.743,393.629504304544,84.9132685206167,75,34.5353177060698,27.238,1,17.7757932915524,16.582,0.999998196149548,1,142.241129904468,0.004,-1.80385207826764e-06,21.27565,101.3246,0.331,1500,0.2,1430.8056970972,2.25171199050763,2,0.5,894.935062152759,660,298.15,300.332052171518,0.825,58.2735267359334,50,233.094106943733,200,2,1000,24
8.53279711944938,0.97,0.8,41,30.354231547261,6585.13797545283,0.00194765914399654,220,0.5,2.88134771993301,3,9.12583715174565,14.9974998152719,0.1,0.164341085271318,3.6548672143828,3.743,-3.08351803488932,143.563201991376,150,25.1716134146689,27.238,1,16.2032359784964,16.582,4.17660202459173,1,85.7377027190478,0.4,1.4294980031668,21.27565,101.3246,0.331,200,0.2,943.517169548194,1.9227299044513,2,0.5,860.862986197847,88,298.15,297.431739884199,0.825,95.0378267175561,100,190.075653435112,200,0.2,1000,123
7.96013412362419,0.97,0.8,41,26.667856343653,6329.32777132946,0.00163080635229473,220,0.5,3.00602921240735,3,0.556818327783229,0.915081282868562,0.1,0.164341085271318,3.74763424282566,3.743,2.13595965491915,150.337191604022,150,27.3498226328831,27.238,1,16.6019088399383,16.582,0.999730815669382,1,71.7364144331986,0.004,-0.00026922056722316,21.27565,101.3246,0.331,200,0.2,943.517169548194,2.00409630535915,2,0.5,869.644795380845,88,298.15,298.187393184777,0.825,100.264642490064,100,200.529284980128,200,0.2,1000,75
8.80233893887031,0.97,0.8,41,25.2643413605981,6985.28615092566,0.00181705278794466,220,0.5,3.15506920067681,3,0.557846762890932,0.916771424285872,0.1,0.164341085271318,3.86867308800438,3.743,57.2091786112059,79.5386162282796,75,30.3853267037042,27.238,1,17.1216341909914,16.582,0.999569301622805,1,79.8535531179268,0.004,-0.000430791154381412,21.27565,101.3246,0.331,400,0.2,1018.00527483157,2.11225387702578,2,0.5,880.943347351054,176,298.15,299.151233452248,0.825,53.6543002151668,50,214.617200860667,200,0.2,1000,9
13.9384917127375,0.97,0.8,41,24.074314018595,11181.6078043749,0.00275688390836261,220,0.5,3.02301673846669,3,0.97081397788034,1.5954462272142,0.1,0.164341085271318,3.76078517169544,3.743,25.862151989223,151.293207995,150,27.6688942970246,27.238,1,16.6584015545964,16.582,1.0000115656384,1,121.258070301093,0.004,1.1565571516864e-05,21.27565,101.3246,0.331,400,0.2,1018.00527483157,2.01573872034044,2,0.5,870.881008197542,176,298.15,298.293306179602,0.825,101.017663718902,100,202.035327437804,200,2,1000,82
9.77942039040404,0.97,0.8,41,24.7369473182272,7771.03765413423,0.0020083827362698,220,0.5,3.15423921411679,3,0.603727269963351,0.99217194753667,0.1,0.164341085271318,3.86795770055105,3.743,179.644511772156,79.5130135616758,75,30.3667262005523,27.238,1,17.1185638689457,16.582,0.999997636384423,1,88.2623685602224,0.004,-2.36361837085229e-06,21.27565,101.3246,0.331,750,0.2,1148.78521721119,2.11160803415872,2,0.5,880.877083615706,330,298.15,299.145607824507,0.825,53.6331100909427,50,214.532440363771,200,2,1000,18
9.37728068513324,0.97,0.8,41,26.4193092356799,7166.46367035004,0.0022108170147832,220,0.5,3.41742518587228,3,1.61055059195665,2.64679632166519,0.1,0.164341085271318,4.13822899723527,3.743,15.545951304625,88.8957211522662,75,37.9771410044032,27.238,1,18.277328212615,16.582,0.374874041590159,1,96.961507752494,0.4,-0.981165198528011,21.27565,101.3246,0.331,400,0.2,1018.00527483157,2.3611181634016,2,0.5,905.497804298739,176,298.15,301.21434664115,0.825,61.9565164729558,50,247.826065891823,200,0.2,1000,57
6.35922013728472,0.97,0.8,41,27.2123816708282,5023.94919559779,0.00133527094168693,220,0.5,3.06761281559041,3,0.436988148450023,0.718151065669806,0.1,0.164341085271318,3.79601939273821,3.743,10.6215545690719,76.9238652193165,75,28.536550786758,27.238,1,16.809728524199,16.582,0.999739581728828,1,58.7139556621009,0.4,-0.000260452185898011,21.27565,101.3246,0.331,200,0.2,943.517169548194,2.04706251092327,2,0.5,874.182630596481,88,298.15,298.575622248758,0.825,51.5249744582408,50,206.099897832963,200,2,1000,52
11.8969933940728,0.97,0.8,41,27.4465249657084,9449.54285761385,0.00244745053645897,220,0.5,3.03837232743096,3,10,16.4341085271318,0.1,0.164341085271318,3.77279695611449,3.743,1.09276983859473,152.165245569182,150,27.9625897888589,27.238,1,16.7099956004373,16.582,0.875460774317915,1,107.637849483395,0.4,-0.13300493200876,21.27565,101.3246,0.331,300,0.2,980.738906187787,2.02639593839249,2,0.5,872.008278194817,132,298.15,298.389787212884,0.825,101.708076596588,100,203.416153193176,200,0.2,1000,125
19.4241294398064,0.97,0.8,41,22.3243878220496,15015.6638252662,0.00440846561454011,220,0.5,3.28399148466061,3,1.44509763390227,2.37488913478513,0.1,0.164341085271318,3.98789133967672,3.743,110.156951133477,167.511727165108,150,33.597631373455,27.238,1,17.6330613205447,16.582,0.999260937539361,1,193.561635051751,0.004,-0.000739335701936208,21.27565,101.3246,0.331,875,0.2,1195.62189895247,2.22096926679382,2,0.5,891.903308317274,385,298.15,300.07737116067,0.825,114.495750293018,100,228.991500586035,200,0.2,1000,91
15.2498352828838,0.97,0.8,41,24.7038345360633,11974.3065508575,0.00327552873202621,220,0.5,3.10072130056745,3,1.38895283227293,2.28262015846403,0.1,0.164341085271318,3.82291814056521,3.743,15.9619773234673,155.790347154356,150,29.2115946815077,27.238,1,16.9252269632886,16.582,0.999638075257835,1,143.999884260626,0.4,-0.000361990252731645,21.27565,101.3246,0.331,450,0.2,1036.65511317932,2.0711042656589,2,0.5,876.693028601016,198,298.15,298.789747362008,0.825,104.615948721317,100,209.231897442634,200,2,1000,132
12.7756075111779,0.97,0.8,41,24.4545934080022,10256.3043757328,0.00251930313544502,220,0.5,3.01619381181492,3,0.881119182536377,1.44804082711405,0.1,0.164341085271318,3.75548626097704,3.743,18.1671585021975,150.908155718784,150,27.5400198145071,27.238,1,16.6356396353086,16.582,0.9999978465495,1,110.813011538639,0.004,-2.15345281874976e-06,21.27565,101.3246,0.331,350,0.2,999.366528116667,2.01104442969408,2,0.5,870.383157129339,154,298.15,298.250666173081,0.825,100.713888028168,100,201.427776056336,200,2,1000,80
3.0969516704622,0.97,0.8,41,28.5638966303521,2429.70364517576,0.000667248025286431,220,0.5,3.01818949736606,3,0.15844075922042,0.260383263214954,0.1,0.164341085271318,3.75703379381021,3.743,6.46198753459486,75.5103156686868,75,27.5776138571451,27.238,1,16.6422872939027,16.582,0.999584011363809,1,29.3489334304421,0.004,-0.000416075183467045,21.27565,101.3246,0.331,100,0.2,906.340331127716,2.01241493760697,2,0.5,870.52858899979,44,298.15,298.263124029811,0.825,50.4012773075136,50,201.605109230054,200,0.2,1000,1
11.6862890356963,0.97,0.8,41,26.3149058028051,9193.70010697254,0.00249258892872378,220,0.5,3.00830230875704,3,1.05165178779316,1.72829596133449,0.1,0.164341085271318,3.74938587079359,3.743,1.28607355858356,150.464601483591,150,27.3921721081879,27.238,1,16.6094336898581,16.582,0.999724636055579,1,109.643254816054,0.4,-0.000275401864032477,21.27565,101.3246,0.331,300,0.2,980.738906187787,2.00564546900527,2,0.5,869.809575159433,132,298.15,298.201517273709,0.825,100.364767612517,100,200.729535225035,200,2,1000,126
3.42408695484219,0.97,0.8,41,28.451106333127,2691.55911353212,0.000732527841310075,220,0.5,3.01149194103263,3,0.185676528188675,0.305142821519374,0.1,0.164341085271318,3.75184793722459,3.743,4.07630307115219,150.643649395389,150,27.4517753545085,27.238,1,16.6200103452861,16.582,0.999629160362842,1,32.2215882877523,0.004,-0.000370908415179874,21.27565,101.3246,0.331,100,0.2,906.340331127716,2.00782375392584,2,0.5,870.041123390133,44,298.15,298.22136102569,0.825,100.505592094865,100,201.01118418973,200,0.2,1000,73
23.8219510872944,0.97,0.8,41,27.2395985988968,13505.4213693028,0.0103165297179916,220,0.5,3.40753242732087,3,6.05161303388145,9.94528653630129,0.1,0.164341085271318,4.12557203024908,3.743,73.9409601360673,176.944436303023,150,37.5938963596907,27.238,1,18.2231148722157,16.582,0.9979483623499,1,452.502022603914,0.4,-0.00205374514165627,21.27565,101.3246,0.331,1500,0.2,1430.8056970972,2.34918855727426,2,0.5,904.362686738011,660,298.15,301.119902860611,0.825,123.104919374692,100,246.209838749384,200,2,1000,144
17.9131718160684,0.97,0.8,41,23.7756844513602,13808.0224299882,0.00410514938608022,220,0.5,3.26038936409631,3,1.82957884914851,3.00674973658515,0.1,0.164341085271318,3.96466099826839,3.743,31.9603466193615,165.885129015726,150,32.9539522225123,27.238,1,17.5334436107629,16.582,0.980745449270313,1,180.275628113386,0.04,-0.0194423339539029,21.27565,101.3246,0.331,625,0.2,1102.01641651677,2.1996164858643,2,0.5,889.780441788451,275,298.15,299.898654036073,0.825,113.075849453998,100,226.151698907996,200,0.2,1000,111
3.10724512384693,0.97,0.8,41,28.7795425617403,2427.04593192763,0.000680199191919306,220,0.5,3.0226107346779,3,0.165169959752951,0.271442104400198,0.1,0.164341085271318,3.76046920823595,3.743,5.56979914002311,75.6351270664792,75,27.6611979919547,27.238,1,16.6570443340412,16.582,0.999709325416911,1,29.9177802473478,0.04,-0.00029071683713431,21.27565,101.3246,0.331,100,0.2,906.340331127716,2.01545868789099,2,0.5,870.851332033308,44,298.15,298.290764984484,0.825,50.499768269869,50,201.999073079476,200,2,1000,26
14.0770142869067,0.97,0.8,41,24.5342162134084,11179.2046750822,0.00289780961182452,220,0.5,3.04954438124313,3,1.07590151558954,1.76814822717041,0.1,0.164341085271318,3.78161397403209,3.743,17.7350491915155,152.804596118955,150,28.179551163058,27.238,1,16.7478640479216,16.582,0.999642588041937,1,127.435622175892,0.004,-0.00035747584493944,21.27565,101.3246,0.331,400,0.2,1018.00527483157,2.03423279264718,2,0.5,872.834603571828,176,298.15,298.46045153147,0.825,102.216452762903,100,204.432905525806,200,0.2,1000,81
3.46828424774118,0.97,0.8,41,29.1312811203612,2692.92017057574,0.000775364077165447,220,0.5,3.01330053877498,3,0.212018124604747,0.348432886947336,0.1,0.164341085271318,3.75324616512594,3.743,2.06260664834499,150.745312302442,150,27.4856648021678,27.238,1,16.626016821938,16.582,0.999734162320593,1,34.1054424664991,0.4,-0.000265873020506404,21.27565,101.3246,0.331,100,0.2,906.340331127716,2.00906123601374,2,0.5,870.172588186132,44,298.15,298.232625834909,0.825,100.585614238476,100,201.171228476951,200,2,1000,122
6.32616888135139,0.97,0.8,41,26.9229340192884,5024.12023262562,0.00130204864872577,220,0.5,3.0530538698035,3,0.410269242559886,0.674240925757332,0.1,0.164341085271318,3.78439765324057,3.743,13.1635432528803,76.5031561841261,75,28.2482927797547,27.238,1,16.759819191578,16.582,0.99976957946407,1,57.2583351437706,0.04,-0.000230447086820534,21.27565,101.3246,0.331,200,0.2,943.517169548194,2.03670950063103,2,0.5,873.095291014039,88,298.15,298.482734154871,0.825,51.1886177912572,50,204.754471165029,200,2,1000,28
15.1326811280281,0.97,0.8,41,24.3530245884632,11949.3286313156,0.0031833524967125,220,0.5,3.08480803209687,3,1.22739717532351,2.01711783851615,0.1,0.164341085271318,3.80990503151934,3.743,21.2136741915125,154.851425053655,150,28.8836455189427,27.238,1,16.8693540682417,16.582,0.999701699092636,1,139.961802328774,0.04,-0.000298345407929283,21.27565,101.3246,0.331,450,0.2,1036.65511317932,2.05945946186009,2,0.5,875.479634918551,198,298.15,298.686308101302,0.825,103.856778936297,100,207.713557872595,200,2,1000,108
12.9078788569785,0.97,0.8,41,24.9896498421989,10258.1319784562,0.0026497468785223,220,0.5,3.03172756151716,3,0.981472641297605,1.61296279034955,0.1,0.164341085271318,3.76758425276648,3.743,11.307690118991,151.786952821902,150,27.8348701309827,27.238,1,16.6876061615822,16.582,0.999673272327858,1,116.539538887606,0.004,-0.000326781059256747,21.27565,101.3246,0.331,350,0.2,999.366528116667,2.02176834250015,2,0.5,871.519299203678,154,298.15,298.347947865657,0.825,101.408153862385,100,202.816307724769,200,0.2,1000,79
15.9648882611682,0.97,0.8,41,23.9781584911343,12581.2073722532,0.00338368088891499,220,0.5,3.11433415747659,3,1.28998979799378,2.11998323391225,0.1,0.164341085271318,3.83418126722163,3.743,28.832926779673,156.601602361246,150,29.4975324241468,27.238,1,16.9735815137208,16.582,0.999667782378901,1,148.741474182954,0.04,-0.000332272817598108,21.27565,101.3246,0.331,500,0.2,1055.31601005621,2.08120403467423,2,0.5,877.741606806234,220,298.15,298.879049997193,0.825,105.27540104735,100,210.5508020947,200,2,1000,110
11.6145637172444,0.97,0.8,41,29.9445391618043,6283.52545436906,0.00533103826287536,220,0.5,3.54380658165714,3,1.78316091825733,2.93046600519809,0.1,0.164341085271318,4.34906910474599,3.743,84.9089024152732,95.6429932429056,75,44.7694807907786,27.238,1,19.1796896143179,16.582,0.966960949256516,1,233.453306238709,0.04,-0.0335971677398108,21.27565,101.3246,0.331,1000,0.2,1242.5259504862,2.56333366949453,2,0.5,924.163741851877,440,298.15,302.754797803773,0.825,68.8945806249094,50,275.578322499638,200,0.2,1000,45
7.86909312633256,0.97,0.8,41,26.0381776184848,6321.90071916574,0.00154719240716682,220,0.5,3.00524505856503,3,0.501584757028283,0.824309833255783,0.1,0.164341085271318,3.74703054985878,3.743,5.86969089756931,150.293275058892,150,27.3352376176258,27.238,1,16.5993153998704,16.582,0.999998501227475,1,68.058703219383,0.004,-1.49877364772089e-06,21.27565,101.3246,0.331,200,0.2,943.517169548194,2.00356250070926,2,0.5,869.587995756901,88,298.15,298.182524143205,0.825,100.230147002519,100,200.460294005037,200,2,1000,76
10.4785665216126,0.97,0.8,41,26.6186471931728,7565.875072396,0.00291269144921657,220,0.5,3.39570902050802,3,0.875676564758934,1.43909636999143,0.1,0.164341085271318,4.11085205284853,3.743,71.2063925868068,87.9773822260833,75,37.1515900769624,27.238,1,18.1600587491305,16.582,1.0009209494919,1,127.76985269786,0.4,0.000920525678100835,21.27565,101.3246,0.331,625,0.2,1102.01641651677,2.33534455489686,2,0.5,903.040411126357,275,298.15,301.009775031043,0.825,61.0843120850467,50,244.337248340187,200,2,1000,64
16.0978045593589,0.97,0.8,41,24.2963965570794,12606.9178041639,0.00349088675519498,220,0.5,3.13877216928788,3,1.45956128622705,2.39865885798553,0.1,0.164341085271318,3.85472518646623,3.743,22.2356859473823,158.077778061456,150,30.0241042138764,27.238,1,17.0617690535617,16.582,0.999586024049727,1,153.429640175184,0.4,-0.000414061661973121,21.27565,101.3246,0.331,500,0.2,1055.31601005621,2.0996759676086,2,0.5,879.650315760449,220,298.15,299.041400882694,0.825,106.483918343143,100,212.967836686285,200,2,1000,134
7.87178299559719,0.97,0.8,41,25.7141895521512,6331.32194106266,0.00154046105453453,220,0.5,3.03647951255534,3,0.485631342977965,0.798091819467663,0.1,0.164341085271318,3.77130972736058,3.743,41.1197587646844,76.0286689842526,75,27.9261086664984,27.238,1,16.7036077979178,16.582,0.99999833771432,1,67.749624661021,0.004,-1.66228706096388e-06,21.27565,101.3246,0.331,300,0.2,980.738906187787,2.02507521945664,2,0.5,871.868802283782,132,298.15,298.377854790633,0.825,50.8112290268903,50,203.244916107561,200,2,1000,6
11.7678723719181,0.97,0.8,41,26.7068053900133,9225.3845303381,0.00254248784157995,220,0.5,2.99829560301056,3,1.19425888149209,1.9626580067932,0.1,0.164341085271318,3.74169302457484,3.743,-0.191700818011128,149.904875862962,150,27.2065209320786,27.238,1,16.5763850613563,16.582,1.00773306935944,1,111.844998891493,0.04,0.00770332243684069,21.27565,101.3246,0.331,300,0.2,980.738906187787,1.99884533569907,2,0.5,869.085607833976,132,298.15,298.139447489266,0.825,99.9254312691029,100,199.850862538206,200,0.2,1000,101
19.4236512012002,0.97,0.8,41,22.1431025682648,15336.5301792287,0.00408712102197156,220,0.5,3.15607668786745,3,1.356737868767,2.22967773781864,0.1,0.164341085271318,3.86954221106321,3.743,181.892137190271,159.139433350137,150,30.4079351225514,27.238,1,17.1253642971642,16.582,0.99999455701634,1,179.614455478035,0.004,-5.44299847289493e-06,21.27565,101.3246,0.331,1000,0.2,1242.5259504862,2.11303861550592,2,0.5,881.023842952444,440,298.15,299.158066903411,0.825,107.360100104546,100,214.720200209092,200,2,1000,94
7.97042433661484,0.97,0.8,41,25.8859321946105,6329.3998614188,0.00164102447519604,220,0.5,3.12033188908891,3,0.520194623339211,0.854893489518703,0.1,0.164341085271318,3.83918379337316,3.743,30.3979165751735,78.4807441759866,75,29.6251561351125,27.238,1,16.9950568446465,16.582,0.9997220595485,1,72.1341419977386,0.04,-0.000277979084106283,21.27565,101.3246,0.331,300,0.2,980.738906187787,2.08569608074165,2,0.5,878.206847475181,132,298.15,298.918646803947,0.825,52.7845020838796,50,211.138008335518,200,2,1000,30
10.1576639922661,0.97,0.8,41,31.1007713317475,1951.9505336398,0.00820571345862632,220,0.5,3.25363029517382,3,10,16.4341085271318,0.1,0.164341085271318,5.3475311990703,3.743,66.6389327047646,115.777230288615,75,88.7519475631856,27.238,1,23.4359805130927,16.582,1.16885545669963,1,357.010942483663,0.4,0.156025027881485,21.27565,101.3246,0.331,1500,0.2,1430.8056970972,3.6076666949553,2,0.5,1007.15447464346,660,298.15,309.334118921638,0.825,107.128105677739,50,428.512422710956,200,0.2,1000,71
3.44001727380237,0.97,0.8,41,28.7080630477127,2691.07724508271,0.000748940028719656,220,0.5,3.0131642714637,3,0.194897116243492,0.320296035997056,0.1,0.164341085271318,3.75314076161363,3.743,3.23590788100766,150.737649087628,150,27.483109075029,27.238,1,16.6255640342087,16.582,0.99974391138539,1,32.943172214963,0.04,-0.000256121410898456,21.27565,101.3246,0.331,100,0.2,906.340331127716,2.00896793960378,2,0.5,870.162678732719,44,298.15,298.231776769168,0.825,100.579580697374,100,201.159161394748,200,2,1000,98
10.8539425892915,0.97,0.8,41,27.381570688177,7594.08814132875,0.0032598544479628,220,0.5,3.37367357124933,3,0.960648674545081,1.57874045739192,0.1,0.164341085271318,4.0844731662373,3.743,105.092442344671,87.084614596127,75,36.3680646705234,27.238,1,18.0470421263753,16.582,0.984968759107235,1,143.026565993082,0.04,-0.0151453549554328,21.27565,101.3246,0.331,750,0.2,1148.78521721119,2.31061644411756,2,0.5,900.665032478548,330,298.15,300.81163368486,0.825,60.2501233961863,50,241.000493584745,200,2,1000,42
11.0634494112134,0.97,0.8,41,30.111419140758,5401.63279068425,0.00566181662052919,220,0.5,3.58968268255554,3,10,16.4341085271318,0.1,0.164341085271318,4.71372411239228,3.743,39.7649798867779,105.55721445763,75,58.4473258528171,27.238,1,20.7372673234117,16.582,1.14920649677263,1,247.320880271884,0.4,0.139071701407256,21.27565,101.3246,0.331,1000,0.2,1242.5259504862,2.92838123526049,2,0.5,955.440056803343,440,298.15,305.284436278043,0.825,81.8229943898136,50,327.291977559254,200,0.2,1000,69
8.96287453829459,0.97,0.8,41,25.3711758382163,7003.60375197305,0.00195927078632155,220,0.5,3.25525686910353,3,0.605818735167732,0.995609084151621,0.1,0.164341085271318,3.95970600637833,3.743,42.6337281517169,82.7685152783751,75,32.8177791062081,27.238,1,17.5121930429073,16.582,0.999570193473864,1,86.043648633093,0.4,-0.00042989891943599,21.27565,101.3246,0.331,400,0.2,1018.00527483157,2.19507252975626,2,0.5,889.326849671916,176,298.15,299.860426156643,0.825,56.3871030835415,50,225.548412334166,200,2,1000,58
14.2569678509829,0.97,0.8,41,25.1788125744479,11212.7606174751,0.00304420723350784,220,0.5,3.06480002224591,3,1.30210625114751,2.13989554452149,0.1,0.164341085271318,3.79376463992088,3.743,10.1724359059951,153.684580441832,150,28.4804655988153,27.238,1,16.8000458942619,16.582,0.999684955680523,1,133.860925849913,0.4,-0.000315093956364043,21.27565,101.3246,0.331,400,0.2,1018.00527483157,2.04505228431646,2,0.5,873.971802402897,176,298.15,298.557618615798,0.825,102.919251484372,100,205.838502968744,200,2,1000,130
11.0790170684738,0.97,0.8,41,27.8381766450478,7591.88594065851,0.00348713112781533,220,0.5,3.35662359041792,3,1.01728439715377,1.67181621857829,0.1,0.164341085271318,4.06489393722432,3.743,143.70327284995,86.4171849964903,75,35.7940186103323,27.238,1,17.9631434076371,16.582,1.0023466091315,1,153.020577304554,0.004,0.00234386014398889,21.27565,101.3246,0.331,875,0.2,1195.62189895247,2.29232980605084,2,0.5,898.897101465166,385,298.15,300.663907806956,0.825,59.6349054760905,50,238.539621904362,200,0.2,1000,19
3.08065341644365,0.97,0.8,41,28.1819490810063,2437.0824666835,0.000643570949760148,220,0.5,3.00740127909434,3,0.147669127220815,0.24268104628537,0.1,0.164341085271318,3.74869125115828,3.743,8.28668418018584,75.2070394580677,75,27.3753726718072,27.238,1,16.6064496736697,16.582,0.999997540639523,1,28.3093615054841,0.004,-2.4593635016759e-06,21.27565,101.3246,0.331,100,0.2,906.340331127716,2.00503108132327,2,0.5,869.744235193915,44,298.15,298.195916902572,0.825,50.1625279874542,50,200.650111949817,200,2,1000,2
15.8766129937496,0.97,0.8,41,23.7865727101703,12573.995951998,0.00330261704175157,220,0.5,3.09375867011719,3,1.21130828281829,1.99067717796494,0.1,0.164341085271318,3.81720459351254,3.743,33.9571173439013,155.378312210222,150,29.0672867594446,27.238,1,16.9006960707766,16.582,0.999571316662307,1,145.19721304911,0.004,-0.000428775248663601,21.27565,101.3246,0.331,500,0.2,1055.31601005621,2.06598829222628,2,0.5,876.16052568524,220,298.15,298.744365837414,0.825,104.282264855798,100,208.564529711596,200,0.2,1000,85
11.1949730461078,0.97,0.8,41,28.7397604979328,7465.92551844974,0.00372904752765809,220,0.5,3.5067238387727,3,6.30156847383335,10.3560660190129,0.1,0.164341085271318,4.27306113433878,3.743,21.1416212823337,93.2825059066223,75,42.2306901315891,27.238,1,18.8545438423718,16.582,0.531887513170985,1,163.388169598826,0.4,-0.631323253405301,21.27565,101.3246,0.331,625,0.2,1102.01641651677,2.48967852211806,2,0.5,917.486509477744,275,298.15,302.206446753061,0.825,66.3482543821695,50,265.393017528678,200,0.2,1000,63
18.1664508326629,0.97,0.8,41,22.6017136701161,14458.6673671126,0.00370778346555025,220,0.5,3.09565203224467,3,1.2778520411056,2.10003591251462,0.1,0.164341085271318,3.81875519455401,3.743,109.477371674307,155.490167223927,150,29.1064012137377,27.238,1,16.9073536259227,16.582,0.999997586327758,1,163.00809697831,0.004,-2.41367515507619e-06,21.27565,101.3246,0.331,750,0.2,1148.78521721119,2.06737622312939,2,0.5,876.305080557871,330,298.15,298.756687290187,0.825,104.372767356167,100,208.745534712334,200,2,1000,90
3.12563122119016,0.97,0.8,41,29.1346475981409,2424.9267345425,0.000700704486647662,220,0.5,3.02765110064845,3,0.177468759751219,0.2916540857927,0.1,0.164341085271318,3.76439763999025,3.743,4.30200746171995,75.7777942298226,75,27.7569938321916,27.238,1,16.6739186614941,16.582,0.999691155139969,1,30.8187277095209,0.4,-0.000308892562427352,21.27565,101.3246,0.331,100,0.2,906.340331127716,2.0189414756414,2,0.5,871.220213911779,44,298.15,298.322348039934,0.825,50.6125190316838,50,202.450076126735,200,2,1000,50
13.0825047737765,0.97,0.8,41,25.7199236942908,10295.0840904289,0.00278742068334761,220,0.5,3.03308472124122,3,1.19217314068271,1.95923027771112,0.1,0.164341085271318,3.76864705440976,3.743,5.15387186441821,151.864099606986,150,27.8608773733625,27.238,1,16.6921711496652,16.582,0.999727400163174,1,122.593597685423,0.4,-0.000272636998915558,21.27565,101.3246,0.331,350,0.2,999.366528116667,2.0227115090276,2,0.5,871.619022637923,154,298.15,298.356482101624,0.825,101.469265932806,100,202.938531865613,200,2,1000,128
15.3401168501884,0.97,0.8,41,24.9878796623145,12006.3801922231,0.00333373665796529,220,0.5,3.10968846594734,3,1.58053989721973,2.59747642023707,0.1,0.164341085271318,3.83032346566915,3.743,12.721217287688,156.323884940233,150,29.3993752123654,27.238,1,16.9570197890513,16.582,0.987506623704649,1,146.550395748146,0.04,-0.0125720746803443,21.27565,101.3246,0.331,450,0.2,1036.65511317932,2.07774251525197,2,0.5,877.382622837031,198,298.15,298.848485977486,0.825,105.049279893868,100,210.098559787735,200,0.2,1000,107
18.511214016561,0.97,0.8,41,22.2843833849906,14040.1958827735,0.00447101813378746,220,0.5,3.55769514919309,3,10,16.4341085271318,0.1,0.164341085271318,4.38424878630381,3.743,25.8066197038476,193.409929205463,150,45.9798191971128,27.238,1,19.330122362271,16.582,1.27619990994951,1,195.743433023875,0.4,0.243886841890684,21.27565,101.3246,0.331,750,0.2,1148.78521721119,2.59771113868315,2,0.5,927.235052942163,330,298.15,303.006024273206,0.825,140.180810274536,100,280.361620549072,200,0.2,1000,137
21.6938651491643,0.97,0.8,41,24.5101006224458,15483.7788745109,0.00621008627465334,220,0.5,3.22690125557994,3,2.03475898178884,3.34394499332739,0.1,0.164341085271318,3.9328985336472,3.743,271.159004389992,163.64707884272,150,32.0878585229869,27.238,1,17.3972093483066,16.582,1.00002551812422,1,272.778706485337,0.004,2.5517798637012e-05,21.27565,101.3246,0.331,1500,0.2,1430.8056970972,2.1705532982476,2,0.5,886.867985852704,660,298.15,299.652942919769,0.825,111.149685238654,100,222.299370477309,200,2,1000,96
21.4064981723032,0.97,0.8,41,24.510463189441,15144.0063411699,0.00626249183113328,220,0.5,3.37618067647993,3,2.6036851987568,4.2789245126856,0.1,0.164341085271318,4.08741051651742,3.743,66.8343186731326,174.368796476784,150,36.4547359190503,27.238,1,18.059627879724,16.582,0.973636197647374,1,274.761725310989,0.4,-0.0267175588222835,21.27565,101.3246,0.331,1000,0.2,1242.5259504862,2.31336482745988,2,0.5,900.929906540609,440,298.15,300.83374745939,0.825,120.685420912742,100,241.370841825485,200,2,1000,142
11.3884794312729,0.97,0.8,41,29.3308546118126,6552.61841501493,0.00483586101625796,220,0.5,3.53039788722964,3,1.42080762378534,2.33497066854646,0.1,0.164341085271318,4.31922335411288,3.743,109.162989071391,94.7265914052468,75,43.7602389650585,27.238,1,19.0520365703522,16.582,0.999011581983802,1,211.813544720734,0.4,-0.000988906823409536,21.27565,101.3246,0.331,1000,0.2,1242.5259504862,2.53431060872744,2,0.5,921.548633418727,440,298.15,302.54039365636,0.825,67.8886431916715,50,271.554572766686,200,2,1000,70
8.93671065929112,0.97,0.8,41,25.2028882064888,7169.18785445473,0.00176752280483639,220,0.5,3.0740576383223,3,0.555361807221978,0.912687621171002,0.1,0.164341085271318,3.80120304471103,3.743,84.2694168913619,77.1113164039599,75,28.6657822802839,27.238,1,16.8319881244794,16.582,0.999998091919597,1,77.7175949302219,0.004,-1.90808222344913e-06,21.27565,101.3246,0.331,450,0.2,1036.65511317932,2.05168695956584,2,0.5,874.667088530381,198,298.15,298.616980105017,0.825,51.6753777113772,50,206.701510845509,200,2,1000,12
17.7677840718012,0.97,0.8,41,23.5340302609799,13771.1071596874,0.00399667691211381,220,0.5,3.2349231386292,3,1.59509098529379,2.62138983629677,0.1,0.164341085271318,3.94038880220876,3.743,38.9152554405628,164.176258831137,150,32.2906525737979,27.238,1,17.4293392908362,16.582,0.999481655422314,1,175.544451020491,0.4,-0.000518478964677115,21.27565,101.3246,0.331,625,0.2,1102.01641651677,2.17739324889069,2,0.5,887.555841809387,275,298.15,299.711028830689,0.825,111.602330273674,100,223.204660547347,200,2,1000,136
3.64835609559463,0.97,0.8,41,31.52850357726,2760.33492475986,0.00088802117083477,220,0.5,2.98051530435047,3,0.446394874701648,0.733610181680228,0.1,0.164341085271318,3.72813735913173,3.743,-0.536893617810995,148.917583050075,150,26.8815227555443,27.238,1,16.5181446332265,16.582,1.53333607608705,1,39.0685842562729,0.4,0.427445803577764,21.27565,101.3246,0.331,100,0.2,906.340331127716,1.98688495805138,2,0.5,867.808106285314,44,298.15,298.029825453673,0.825,99.1537648900041,100,198.307529780008,200,0.2,1000,121
8.47542769318287,0.97,0.8,41,25.545934506841,6711.05564208129,0.00176437205110159,220,0.5,3.15879774853713,3,0.550581796949689,0.904832100413442,0.1,0.164341085271318,3.87189366943479,3.743,40.5884644273735,79.6538374252117,75,30.4691622489355,27.238,1,17.1354561695231,16.582,0.999691310744255,1,77.5364800467547,0.04,-0.000308736910080173,21.27565,101.3246,0.331,350,0.2,999.366528116667,2.1151623444285,2,0.5,881.241583518787,154,298.15,299.176549039643,0.825,53.749750536137,50,214.999002144548,200,2,1000,32
9.44626956790947,0.97,0.8,41,24.893275108691,7373.04138615237,0.00207322818175711,220,0.5,3.27436958108277,3,0.604985906502753,0.994240404485145,0.1,0.164341085271318,3.9783300023691,3.743,73.2503220320415,83.421664782481,75,33.331647907874,27.238,1,17.5920619659591,16.582,0.999588958664474,1,91.0353908150087,0.04,-0.00041112583617261,21.27565,101.3246,0.331,500,0.2,1055.31601005621,2.2121708389552,2,0.5,891.030297134589,220,298.15,300.003913894788,0.825,56.9550972861657,50,227.820389144663,200,2,1000,38
19.7353321687164,0.97,0.8,41,22.6338980576889,14992.1278284276,0.00474320434028878,220,0.5,3.33163473884124,3,1.61288725541809,2.65063641975686,0.1,0.164341085271318,4.03733104246826,3.743,91.0378436698024,170.942036533158,150,34.99665905039,27.238,1,17.8450132432113,16.582,0.683995724618817,1,208.181701714831,0.04,-0.379803611936406,21.27565,101.3246,0.331,875,0.2,1195.62189895247,2.26668400661773,2,0.5,896.40120251052,385,298.15,300.45498251125,0.825,117.549027959281,100,235.098055918563,200,2,1000,116
11.3313493639931,0.97,0.8,41,28.5839493180238,7342.98810083391,0.00398836126315923,220,0.5,3.40564305899026,3,1.19106060934632,1.95740193163892,0.1,0.164341085271318,4.12319099119888,3.743,116.532996493706,88.3923421435577,75,37.5221029929953,27.238,1,18.2129156521042,16.582,0.999347783034544,1,174.93994196412,0.04,-0.00065242975146754,21.27565,101.3246,0.331,875,0.2,1195.62189895247,2.34694701978194,2,0.5,904.148957592176,385,298.15,301.102110274449,0.825,61.4766053063079,50,245.906421225232,200,2,1000,44
18.8778548304591,0.97,0.8,41,22.3429590932653,14967.4111483055,0.0039104436821536,220,0.5,3.12570029338168,3,1.32368244422795,2.17535409439012,0.1,0.164341085271318,3.84368284964895,3.743,145.117230002533,157.284920380523,150,29.7402641281466,27.238,1,17.0143701080312,16.582,0.999997320368183,1,171.884489631471,0.004,-2.6796354075311e-06,21.27565,101.3246,0.331,875,0.2,1195.62189895247,2.08973930213289,2,0.5,878.625010211957,385,298.15,298.954223367374,0.825,105.833429606661,100,211.666859213322,200,2,1000,92
22.4123641513434,0.97,0.8,41,25.6851561956249,14302.4075563573,0.00810995659498609,220,0.5,3.40896723714049,3,2.68187504098362,4.40742254797307,0.1,0.164341085271318,4.12738780592464,3.743,170.566549497587,177.066175641594,150,37.6487102370723,27.238,1,18.2308926576318,16.582,0.998637965593802,1,355.712911732787,0.004,-0.00136296281817518,21.27565,101.3246,0.331,1500,0.2,1430.8056970972,2.35089851772052,2,0.5,904.525635691119,660,298.15,301.133465963843,0.825,123.220679044997,100,246.441358089995,200,0.2,1000,95
11.3648903466061,0.97,0.8,41,29.5055985881963,6896.50412560448,0.00446838622100167,220,0.5,3.55802368553871,3,10,16.4341085271318,0.1,0.164341085271318,4.38514993379348,3.743,25.8445667854951,96.7319021711663,75,46.0111192732508,27.238,1,19.333975301465,16.582,1.12949060801435,1,195.626970527646,0.4,0.121766741720343,21.27565,101.3246,0.331,750,0.2,1148.78521721119,2.59859411371673,2,0.5,927.313568958141,330,298.15,303.012438523387,0.825,70.1211806469096,50,280.484722587638,200,0.2,1000,65
8.67596916397759,0.97,0.8,41,25.3323507835913,6968.2478279381,0.00170772133603948,220,0.5,3.06103687634077,3,0.538828920083155,0.885517295020379,0.1,0.164341085271318,3.79075520496113,3.743,69.2197451065589,76.7333755401209,75,28.4057282275113,27.238,1,16.7871221464866,16.582,0.999998276878248,1,75.0942796730148,0.004,-1.72312323617296e-06,21.27565,101.3246,0.331,400,0.2,1018.00527483157,2.04237043671149,2,0.5,873.690312293349,176,298.15,298.533575743658,0.825,51.3724730543247,50,205.489892217299,200,2,1000,10
19.0240671362494,0.97,0.8,41,23.042425160975,14532.7520082175,0.00449131512803191,220,0.5,3.32437549153122,3,1.70273049909094,2.79828578145178,0.1,0.164341085271318,4.02955123593106,3.743,55.9507960029038,170.405231503347,150,34.7738627336982,27.238,1,17.8116658267172,16.582,0.99931034414121,1,197.137615068649,0.4,-0.000689893780787236,21.27565,101.3246,0.331,750,0.2,1148.78521721119,2.25946596311735,2,0.5,895.695211278083,330,298.15,300.395806647935,0.825,117.065731930697,100,234.131463861395,200,2,1000,138
11.1730743029224,0.97,0.8,41,28.5381827551279,7006.69431944067,0.00416637998348173,220,0.5,3.47913256083647,3,1.14873446135734,1.88784268068027,0.1,0.164341085271318,4.22630771678142,3.743,146.564216949559,91.788600869331,75,40.7199933233942,27.238,1,18.6544560253495,16.582,0.999278837457372,1,182.611183424632,0.04,-0.000721422705422134,21.27565,101.3246,0.331,1000,0.2,1242.5259504862,2.4447949291337,2,0.5,913.350547310323,440,298.15,301.865288344401,0.825,64.8072884850082,50,259.229153940033,200,2,1000,46
16.2000881606629,0.97,0.8,41,24.5606623755661,12640.2947354272,0.00355979342523568,220,0.5,3.15348397389818,3,1.66317716028741,2.73328339520101,0.1,0.164341085271318,3.86730721790418,3.743,18.0575567699528,158.979462091061,150,30.3498201613176,27.238,1,17.1157720924474,16.582,0.985629666574145,1,156.442978209762,0.04,-0.0144745866415263,21.27565,101.3246,0.331,500,0.2,1055.31601005621,2.11102085430479,2,0.5,880.816826546671,220,298.15,299.14049187238,0.825,107.227692685475,100,214.45538537095,200,0.2,1000,109
14.1488862206907,0.97,0.8,41,24.7859434297056,11187.2109610201,0.00296167525967061,220,0.5,3.05768652500379,3,1.14928014499843,1.8887394630982,0.1,0.164341085271318,3.78808267280868,3.743,14.3293731961982,153.273239392014,150,28.3394724769582,27.238,1,16.7756449372992,16.582,0.999733090651801,1,130.237601048781,0.04,-0.000266944974838635,21.27565,101.3246,0.331,400,0.2,1018.00527483157,2.03998998516408,2,0.5,873.440242377866,176,298.15,298.512211686152,0.825,102.590285744678,100,205.180571489355,200,2,1000,106
14.3243763978742,0.97,0.8,41,25.3002514287617,11438.695919232,0.00288568047864219,220,0.5,3.20300045759923,3,10,16.4341085271318,0.1,0.164341085271318,3.910986283717,3.743,6.37823098617745,162.094280773254,150,31.4997046105614,27.238,1,17.3032048347624,16.582,0.975148025947362,1,126.775034567169,0.4,-0.0251659980235319,21.27565,101.3246,0.331,400,0.2,1018.00527483157,2.15059238419367,2,0.5,884.852011961469,176,298.15,299.48250939763,0.825,109.831120098238,100,219.662240196475,200,0.2,1000,129
11.1660057343454,0.97,0.8,41,28.2699351618499,7400.90137934117,0.00376510435500427,220,0.5,3.42267535635194,3,1.19012142938332,1.95585847309506,0.1,0.164341085271318,4.14508203755364,3.743,77.5525952293498,89.1242440584368,75,38.1857803555471,27.238,1,18.3066796125609,16.582,1.00192746940735,1,165.120799537416,0.4,0.00192561422168425,21.27565,101.3246,0.331,750,0.2,1148.78521721119,2.36758734174878,2,0.5,906.1116999324,330,298.15,301.26538684741,0.825,62.1758774606738,50,248.703509842695,200,2,1000,66
11.5813992242445,0.97,0.8,41,25.8185989411639,9165.18318371092,0.00241621604053359,220,0.5,3.01648773346196,3,0.925940881568763,1.52170129374091,0.1,0.164341085271318,3.75571405651969,3.743,4.05586508467896,150.924713171351,150,27.5455513796647,27.238,1,16.6366181703114,16.582,0.999780970457539,1,106.278474692815,0.04,-0.000219053532934685,21.27565,101.3246,0.331,300,0.2,980.738906187787,2.01124614415275,2,0.5,870.404566433868,132,298.15,298.252500216051,0.825,100.726937071278,100,201.453874142556,200,2,1000,102
7.93598683875943,0.97,0.8,41,25.8067440040056,6329.07120003981,0.00160691563871962,220,0.5,3.09370136857371,3,0.505743698140313,0.831144682215088,0.1,0.164341085271318,3.81715770118727,3.743,33.9358216280467,77.6874645912628,75,29.0661044559849,27.238,1,16.9004947358044,16.582,0.999636702922685,1,70.6469308101338,0.004,-0.000363363085685172,21.27565,101.3246,0.331,300,0.2,980.738906187787,2.06594632501084,2,0.5,876.156153695244,132,298.15,298.74399315747,0.825,52.1397642925712,50,208.559057170285,200,0.2,1000,5
15.7051290135195,0.97,0.8,41,23.4760695973276,12576.9627324868,0.00312816628103262,220,0.5,3.04039750660259,3,1.10405158782057,1.81441036137954,0.1,0.164341085271318,3.7743902782883,3.743,45.5791603225566,152.280830699126,150,28.0017102339135,27.238,1,16.7168390007297,16.582,0.999998066461238,1,137.573718828348,0.004,-1.93354063136969e-06,21.27565,101.3246,0.331,500,0.2,1055.31601005621,2.0278112501503,2,0.5,872.157673740596,220,298.15,298.402566690596,0.825,101.799845400207,100,203.599690800414,200,2,1000,86
9.10080310775818,0.97,0.8,41,25.0724426050089,7196.50999201391,0.00190429311574427,220,0.5,3.1864130389893,3,0.574607866045014,0.944316803112736,0.1,0.164341085271318,3.89611078725067,3.743,69.5064379431676,80.5181490522228,75,31.1047418654764,27.238,1,17.2393792268917,16.582,0.99953304532073,1,83.6698134834641,0.004,-0.000467063736557281,21.27565,101.3246,0.331,450,0.2,1036.65511317932,2.13708315398571,2,0.5,883.480272757278,198,298.15,299.36637389355,0.825,54.4703788512171,50,217.881515404868,200,0.2,1000,11
10.4193517787995,0.97,0.8,41,25.9338167738873,7941.08253037159,0.00247826924842795,220,0.5,3.20917122850475,3,0.736643336773408,1.21060765423227,0.1,0.164341085271318,3.91658780435718,3.743,248.289536682427,81.2459415943256,75,31.6493347437602,27.238,1,17.3272371165421,16.582,1.00002354676158,1,108.871793923764,0.004,2.35464843631914e-05,21.27565,101.3246,0.331,1000,0.2,1242.5259504862,2.15568814053323,2,0.5,885.367890246531,440,298.15,299.526150242461,0.825,55.08369714401,50,220.33478857604,200,2,1000,22
13.1630348350059,0.97,0.8,41,26.068344383692,10326.7342638905,0.00283630057111546,220,0.5,3.02907369125432,3,1.35529215948869,2.22730184350079,0.1,0.164341085271318,3.76550872806627,3.743,3.29544084374843,151.636268292263,150,27.7841299578421,27.238,1,16.6786911726201,16.582,0.990930498645283,1,124.746467989359,0.04,-0.00911087965919668,21.27565,101.3246,0.331,350,0.2,999.366528116667,2.01992695225328,2,0.5,871.324511254486,154,298.15,298.331275986901,0.825,101.288865740939,100,202.577731481878,200,0.2,1000,103
6.53426344428154,0.97,0.8,41,28.8015144761317,5120.24485645348,0.00141401858782806,220,0.5,3.11631210970984,3,0.948845137894977,1.55934239716074,0.1,0.164341085271318,3.83582825667758,3.743,3.4650397390983,78.3600590632523,75,29.5395077159592,27.238,1,16.9806519638282,16.582,0.544277539323797,1,62.1573148709387,0.4,-0.608295979644571,21.27565,101.3246,0.331,200,0.2,943.517169548194,2.08268253527345,2,0.5,877.894811672549,88,298.15,298.892091058401,0.825,52.6860082205567,50,210.744032882227,200,0.2,1000,51
6.38697159827462,0.97,0.8,41,27.4571930999479,5027.82584659914,0.00135914575167549,220,0.5,3.07712938674956,3,0.464108974333735,0.762721725261642,0.1,0.164341085271318,3.80368235889947,3.743,8.85829766250402,77.2009289280145,75,28.7277372137547,27.238,1,16.8426344525448,16.582,0.991587072054781,1,59.7601858322737,0.04,-0.00844851636597175,21.27565,101.3246,0.331,200,0.2,943.517169548194,2.0539002675931,2,0.5,874.898687253023,88,298.15,298.636745466601,0.825,51.7473972475954,50,206.989588990382,200,0.2,1000,27
10.5639019203124,0.97,0.8,41,30.0592517550986,3829.75339271211,0.00673414852760034,220,0.5,3.51452951156586,3,1.50667361464447,2.47608376980332,0.1,0.164341085271318,4.94941889169367,3.743,162.055996740027,110.483369185961,75,68.6953512013057,27.238,1,21.7420506976643,16.582,0.955098143333189,1,293.711565887995,0.04,-0.0459411758935083,21.27565,101.3246,0.331,1500,0.2,1430.8056970972,3.17444101767499,2,0.5,975.038078909012,660,298.15,306.838037940875,0.825,90.8106320487983,50,363.242528195193,200,0.2,1000,47
8.06859638495231,0.97,0.8,41,26.2010053726337,6341.18989017684,0.00172740649477547,220,0.5,3.18242384099408,3,0.581053739917528,0.954910022190046,0.1,0.164341085271318,3.89257135357898,3.743,21.6854444490185,80.3920628257933,75,31.0112772090904,27.238,1,17.2241916570201,16.582,0.9888815689596,1,75.8999260201773,0.04,-0.0111807028012068,21.27565,101.3246,0.331,300,0.2,980.738906187787,2.13387376286324,2,0.5,883.153506355154,132,298.15,299.3386889393,0.825,54.3647374788842,50,217.458949915537,200,0.2,1000,29
15.0548403650157,0.97,0.8,41,24.13359381061,11942.2706343322,0.00311256973068349,220,0.5,3.07055063074711,3,1.15108507711179,1.8917057081217,0.1,0.164341085271318,3.79837928252362,3.743,25.3913536094327,154.018437990235,150,28.5953336908026,27.238,1,16.8198624595606,16.582,0.999608401574053,1,136.862040335811,0.004,-0.000391675120633986,21.27565,101.3246,0.331,450,0.2,1036.65511317932,2.04916730847318,2,0.5,874.403223457272,198,298.15,298.594456247721,0.825,103.186835127898,100,206.373670255796,200,0.2,1000,83
17.441517428933,0.97,0.8,41,23.1181898566937,13730.70375362,0.00371081367531302,220,0.5,3.15675089772666,3,1.31868519893507,2.16714156724213,0.1,0.164341085271318,3.87012428434561,3.743,57.8612874121201,159.18108567776,150,30.4230831050671,27.238,1,17.1278624276697,16.582,0.999462948037305,1,163.076351596244,0.004,-0.000537196226754569,21.27565,101.3246,0.331,625,0.2,1102.01641651677,2.11356423875845,2,0.5,881.077747885478,275,298.15,299.162642751643,0.825,107.394598062307,100,214.789196124613,200,0.2,1000,87
8.33516274786701,0.97,0.8,41,25.4965939616546,6700.65556320262,0.00163450718466438,220,0.5,3.0484167636349,3,0.516613443366572,0.849008139486149,0.1,0.164341085271318,3.78072099771302,3.743,54.7342634906566,76.3699367159878,75,28.1575243021678,27.238,1,16.7440289015713,16.582,1.00000352353591,1,71.8804644088714,0.004,3.52352970374661e-06,21.27565,101.3246,0.331,350,0.2,999.366528116667,2.03343854197035,2,0.5,872.75095763063,154,298.15,298.453300720051,0.825,51.0824518604392,50,204.329807441757,200,2,1000,8
9.3915538986488,0.97,0.8,41,25.2535254366246,7229.9473407787,0.0021616065578701,220,0.5,3.34429760307913,3,0.664350679189661,1.09180111618766,0.1,0.164341085271318,4.05114048810967,3.743,44.1380746296498,85.9460031853463,75,35.3945815518258,27.238,1,17.9042013609602,16.582,0.984086448133423,1,94.8642634532839,0.04,-0.0160415319946729,21.27565,101.3246,0.331,450,0.2,1036.65511317932,2.27951870179812,2,0.5,897.652725657967,198,298.15,300.559798761935,0.825,59.2047524782178,50,236.819009912871,200,0.2,1000,35
6.27108290592815,0.97,0.8,41,26.4465949631547,5036.54124404376,0.00123454166188439,220,0.5,3.01674812983903,3,0.374633465879888,0.615676703616561,0.1,0.164341085271318,3.75591590465315,3.743,18.7914074275829,75.4696921472116,75,27.5504535111857,27.238,1,16.6374852422468,16.582,0.999998401576859,1,54.3018478161937,0.004,-1.59842441880591e-06,21.27565,101.3246,0.331,200,0.2,943.517169548194,2.01142488869121,2,0.5,870.423536542884,88,298.15,298.254125275368,0.825,50.3692502469756,50,201.477000987903,200,2,1000,4
3.39849437259815,0.97,0.8,41,27.9956955144246,2695.51371406827,0.000702980658529879,220,0.5,3.00521109955574,3,0.171109943886555,0.281203938790308,0.1,0.164341085271318,3.74700441256279,3.743,5.83164361176637,150.291373603091,150,27.3346062721478,27.238,1,16.5992031148401,16.582,0.999997737203626,1,30.9230847274349,0.004,-2.26279893441378e-06,21.27565,101.3246,0.331,100,0.2,906.340331127716,2.00353939054472,2,0.5,869.58553647677,44,298.15,298.182313320627,0.825,100.22865363959,100,200.45730727918,200,2,1000,74
10.2760149352915,0.97,0.8,41,28.2466033401437,5514.38963272798,0.0047616253025635,220,0.5,3.59469022864664,3,0.960547438972939,1.57857408575398,0.1,0.164341085271318,4.67544813610573,3.743,270.540527643503,104.639933356689,75,56.8905671096759,27.238,1,20.573952596505,16.582,0.998930584766652,1,208.051494760056,0.04,-0.00106998746582454,21.27565,101.3246,0.331,1500,0.2,1430.8056970972,2.88916531816298,2,0.5,952.213349683918,660,298.15,305.026357957996,0.825,80.4103726708846,50,321.641490683539,200,2,1000,48
9.14350498525455,0.97,0.8,41,25.0967845397864,7325.10862868871,0.00181839635656584,220,0.5,3.08730700619674,3,0.568085004478519,0.933597061623613,0.1,0.164341085271318,3.81193798162603,3.743,99.6978187100328,77.4991087871348,75,28.9347085560189,27.238,1,16.8780830931777,16.582,0.999997889155402,1,79.9477887094358,0.004,-2.11084682637963e-06,21.27565,101.3246,0.331,500,0.2,1055.31601005621,2.06127694021659,2,0.5,875.66932953524,220,298.15,298.702486256484,0.825,51.9875925517366,50,207.950370206946,200,2,1000,14
9.59023687916234,0.97,0.8,41,24.9570429716248,7384.91243805614,0.00220532444110621,220,0.5,3.34707025499214,3,0.642725183339802,1.0562615416127,0.1,0.164341085271318,4.05420658429644,3.743,60.6047348312047,86.0512092911868,75,35.4833583213652,27.238,1,17.9173420055399,16.582,0.999469825086503,1,96.780656802058,0.4,-0.00053031550591139,21.27565,101.3246,0.331,500,0.2,1055.31601005621,2.28237225999471,2,0.5,897.930316706156,220,298.15,300.583032422803,0.825,59.3005042894929,50,237.202017157972,200,2,1000,62
11.3343316132561,0.97,0.8,41,28.7569081969687,7279.84885787589,0.00405448275538019,220,0.5,3.44761126813837,3,1.40671900873479,2.31181728567268,0.1,0.164341085271318,4.17908366444113,3.743,61.8663058034866,90.2497078442275,75,39.2327989943867,27.238,1,18.4522860656145,16.582,0.931349786794611,1,177.767548403978,0.04,-0.0711203614239536,21.27565,101.3246,0.331,750,0.2,1148.78521721119,2.39978778339377,2,0.5,909.15027083956,330,298.15,301.517637017482,0.825,63.2703459564663,50,253.081383825865,200,0.2,1000,41
22.9801036001568,0.97,0.8,41,26.359636600181,13878.3013884941,0.00910180221166266,220,0.5,3.42778764980623,3,3.4323714058351,5.64079641889179,0.1,0.164341085271318,4.15185113551284,3.743,124.943141295533,178.698842702942,150,38.3926482033378,27.238,1,18.3356700482782,16.582,0.998776827054903,1,399.144965821012,0.04,-0.00122392163170108,21.27565,101.3246,0.331,1500,0.2,1430.8056970972,2.37398414588346,2,0.5,906.717589996225,660,298.15,301.315736034972,0.825,124.785912668734,100,249.571825337468,200,2,1000,120
13.2033324349296,0.97,0.8,41,26.2669870858658,10536.8954947453,0.00266643694018432,220,0.5,3.12361636072935,3,10,16.4341085271318,0.1,0.164341085271318,3.84193395269567,3.743,3.69859883164079,157.159220746437,150,29.6954817208535,27.238,1,17.0068626354306,16.582,0.936395977382606,1,117.205464828833,0.4,-0.0657168392069392,21.27565,101.3246,0.331,350,0.2,999.366528116667,2.08816723201877,2,0.5,878.462488402544,154,298.15,298.940397801486,0.825,105.730598953875,100,211.461197907749,200,0.2,1000,127
9.18209673043324,0.97,0.8,41,25.0687756025032,7206.13528417487,0.00197596144625837,220,0.5,3.23657721468409,3,0.590644994884241,0.970672394693481,0.1,0.164341085271318,3.94194218496173,3.743,62.1683559430204,82.1429489143021,75,32.3328210932821,27.238,1,17.436002385031,16.582,0.999623828268567,1,86.788343439022,0.04,-0.000376242501766949,21.27565,101.3246,0.331,450,0.2,1036.65511317932,2.17881282907692,2,0.5,887.698413707595,198,298.15,299.723064072455,0.825,55.8481626849956,50,223.392650739982,200,2,1000,36
20.1871834197176,0.97,0.8,41,23.2313710433784,15024.3166015129,0.00516286681820469,220,0.5,3.38030874915416,3,1.94169002434736,3.19099445861736,0.1,0.164341085271318,4.09228143804064,3.743,67.7445489465463,174.699327083558,150,36.5987778987982,27.238,1,18.0804978611106,16.582,0.996765047351996,1,226.508415546523,0.4,-0.00324019641927728,21.27565,101.3246,0.331,875,0.2,1195.62189895247,2.31792523639529,2,0.5,901.368934461123,385,298.15,300.870390234054,0.825,120.992823030498,100,241.985646060996,200,2,1000,140
8.54939782327433,0.97,0.8,41,25.6641650212229,6719.18559216193,0.00183021223111241,220,0.5,3.20641765237669,3,0.581422166374017,0.955515498227066,0.1,0.164341085271318,3.91408358382322,3.743,33.8265422511159,81.1570926155777,75,31.5823797949006,27.238,1,17.3164933530264,16.582,0.999618242730418,1,80.4038157138745,0.4,-0.000381830157439513,21.27565,101.3246,0.331,350,0.2,999.366528116667,2.15340943825414,2,0.5,885.137306068232,154,298.15,299.506646277409,0.825,55.0084958453845,50,220.033983381538,200,2,1000,56
3.49394186300663,0.97,0.8,41,29.4907523959179,2696.92774374785,0.000797014119258779,220,0.5,3.01119190796403,3,0.228914113417356,0.376199938329298,0.1,0.164341085271318,3.75161613435947,3.743,1.26281103754337,150.626793983437,150,27.4461598691338,27.238,1,16.6190145650953,16.582,0.991939890533714,1,35.058200372003,0.04,-0.00809276775321492,21.27565,101.3246,0.331,100,0.2,906.340331127716,2.00761862915859,2,0.5,870.019326385059,44,298.15,298.219493184787,0.825,100.492329031189,100,200.984658062379,200,0.2,1000,97
8.02482005446099,0.97,0.8,41,26.0460143847596,6333.60452256845,0.00169121553189254,220,0.5,3.15707965412488,3,0.54961733420192,0.903247091866722,0.1,0.164341085271318,3.87040824649721,3.743,25.3128185598732,79.600702048829,75,30.4304748996785,27.238,1,17.1290811266436,16.582,0.999664393105175,1,74.3224205599719,0.4,-0.000335663223422209,21.27565,101.3246,0.331,300,0.2,980.738906187787,2.11382068073885,2,0.5,881.104043747845,132,298.15,299.164874862162,0.825,53.7057149469859,50,214.822859787944,200,2,1000,54
18.7515118861041,0.97,0.8,41,22.7773785070323,14504.3490152856,0.0042471628708185,220,0.5,3.26923272684162,3,1.48528926726277,2.44094050123804,0.1,0.164341085271318,3.97327752862879,3.743,71.7167352413066,166.489508951977,150,33.1916901813558,27.238,1,17.5703955753619,16.582,0.999479933559645,1,186.499921587593,0.04,-0.000520201721811515,21.27565,101.3246,0.331,750,0.2,1148.78521721119,2.20752708367291,2,0.5,890.568558735515,330,298.15,299.965040285656,0.825,113.601415554318,100,227.202831108636,200,2,1000,114
9.69466623495871,0.97,0.8,41,25.0713417173703,7393.35275165815,0.00230131348330056,220,0.5,3.39165207727924,3,0.684329134974475,1.12463392724487,0.1,0.164341085271318,4.10589649085467,3.743,51.766752173873,87.8102462661415,75,37.0035062277086,27.238,1,18.1388290199742,16.582,0.982483567873871,1,100.954470308719,0.04,-0.0176716601888909,21.27565,101.3246,0.331,500,0.2,1055.31601005621,2.33069117406809,2,0.5,902.594739617527,220,298.15,300.972629319264,0.825,60.9271352260946,50,243.708540904378,200,0.2,1000,37
8.2947817931199,0.97,0.8,41,27.2130670276273,6471.80469940821,0.00182297709371169,220,0.5,3.27910892327525,3,1.30663669350691,2.14734092266252,0.1,0.164341085271318,3.98302335806727,3.743,9.23590188828495,83.5858091660063,75,33.4620263241663,27.238,1,17.6121876142553,16.582,0.444228745900565,1,80.0440365114213,0.4,-0.811415655746764,21.27565,101.3246,0.331,300,0.2,980.738906187787,2.21648798177943,2,0.5,891.458958824637,132,298.15,300.039989264866,0.825,57.0987128426799,50,228.39485137072,200,0.2,1000,53
17.5732001042691,0.97,0.8,41,23.2617641115109,13741.3466944831,0.00383185340978598,220,0.5,3.19227263543467,3,1.40397935230739,2.30731490456718,0.1,0.164341085271318,3.90133609323641,3.743,49.6988189330327,161.408277726643,150,31.2430839346455,27.238,1,17.2618000453048,16.582,0.999576323349144,1,168.355179861001,0.04,-0.000423766427166856,21.27565,101.3246,0.331,625,0.2,1102.01641651677,2.14182469852154,2,0.5,883.962415284802,275,298.15,299.407208911468,0.825,109.253075576762,100,218.506151153523,200,2,1000,112
21.6537871498475,0.97,0.8,41,24.836565057406,15130.7602547861,0.00652302689506137,220,0.5,3.39889459518298,3,3.31020468683086,5.44002630703986,0.1,0.164341085271318,4.11477658018155,3.743,52.9980459612757,176.219100861682,150,37.2691572993762,27.238,1,18.1768709552525,16.582,0.90945302453187,1,286.134703044399,0.04,-0.094911932130401,21.27565,101.3246,0.331,1000,0.2,1242.5259504862,2.33903237428437,2,0.5,903.393171826762,440,298.15,301.039167089936,0.825,122.417880347374,100,244.835760694748,200,0.2,1000,117
11.2310099879448,0.97,0.8,41,29.8209860493318,6172.74967739609,0.00505826031054872,220,0.5,3.5955125957156,3,10,16.4341085271318,0.1,0.164341085271318,4.55048935110977,3.743,32.8334204619893,101.433491450055,75,52.0097209544048,27.238,1,20.0404989633595,16.582,1.14014393129233,1,221.198851709618,0.4,0.131154509956435,21.27565,101.3246,0.331,875,0.2,1195.62189895247,2.76259790649692,2,0.5,941.589563365193,385,298.15,304.171984910015,0.825,75.8895673984168,50,303.558269593667,200,0.2,1000,67
9.78753498362541,0.97,0.8,41,26.2040475091827,7377.47960618496,0.00241005537744045,220,0.5,3.47164456470311,3,1.77650997755105,2.91953577706064,0.1,0.164341085271318,4.21457914264958,3.743,18.7046457328289,91.4091293426766,75,40.3470242271215,27.238,1,18.6042514665001,16.582,0.34628516903387,1,105.640947275505,0.4,-1.06049265542164,21.27565,101.3246,0.331,450,0.2,1036.65511317932,2.4335861042927,2,0.5,912.30950913244,198,298.15,301.77923493919,0.825,64.4237417885785,50,257.694967154314,200,0.2,1000,59
18.4180372123853,0.97,0.8,41,22.6748844489925,13356.4300858684,0.00506160712651684,220,0.5,3.59540553376873,3,10,16.4341085271318,0.1,0.164341085271318,4.54933208803515,3.743,32.7843591622179,202.804674753476,150,51.965937987989,27.238,1,20.0355565119285,16.582,1.30054850380455,1,221.346954754874,0.4,0.262786101485246,21.27565,101.3246,0.331,875,0.2,1195.62189895247,2.76143623512636,2,0.5,941.490521313504,385,298.15,304.16398593493,0.825,151.696698471004,100,303.393396942009,200,0.2,1000,139
8.8902840753409,0.97,0.8,41,26.7425996099767,6874.38214259529,0.00201590193274561,220,0.5,3.35298448326215,3,1.45684188971356,2.39418977224244,0.1,0.164341085271318,4.0607999617704,3.743,12.3761012693751,86.2771278235601,75,35.6747914334667,27.238,1,17.9455988191046,16.582,0.406942138997563,1,88.4635111779665,0.4,-0.899084268271044,21.27565,101.3246,0.331,350,0.2,999.366528116667,2.28851337124946,2,0.5,898.526904895827,154,298.15,300.632947105001,0.825,59.5066891432737,50,238.026756573095,200,0.2,1000,55
17.7922125548135,0.97,0.8,41,22.610059125829,13900.5523372611,0.00389166021755238,220,0.5,3.47373056222513,3,10,16.4341085271318,0.1,0.164341085271318,4.21781113231339,3.743,18.8389628559514,183.02776421788,150,40.4495625870027,27.238,1,18.6180865291308,16.582,1.08892610292239,1,170.580757834992,0.4,0.0851919839095265,21.27565,101.3246,0.331,625,0.2,1102.01641651677,2.43667283676373,2,0.5,912.596523955962,275,298.15,301.802967262587,0.825,129.058626299531,100,258.117252599062,200,0.2,1000,135
19.2196431752737,0.97,0.8,41,23.288393920799,14567.6512501425,0.00465199192513119,220,0.5,3.35542658839915,3,1.9726529010671,3.2418791862498,0.1,0.164341085271318,4.06354415053902,3.743,45.871675064881,172.742053696717,150,35.7546786400356,27.238,1,17.9573590031324,16.582,0.975757577842447,1,204.138474621115,0.04,-0.0245411067794486,21.27565,101.3246,0.331,750,0.2,1148.78521721119,2.2910712469874,2,0.5,898.775067542269,330,298.15,300.65370278344,0.825,119.185232480528,100,238.370464961055,200,0.2,1000,113
20.4443151232729,0.97,0.8,41,23.576973402492,15042.5812261187,0.00540173389715419,220,0.5,3.40696015623579,3,2.3350320561956,3.83741702258502,0.1,0.164341085271318,4.12484964487515,3.743,54.3927797340585,176.895982703954,150,37.5721047890704,27.238,1,18.2200205413543,16.582,0.979963388943342,1,236.931269692954,0.04,-0.0202400662364344,21.27565,101.3246,0.331,875,0.2,1195.62189895247,2.34850840601671,2,0.5,904.297849644115,385,298.15,301.114505616612,0.825,123.058881816432,100,246.117763632865,200,0.2,1000,115
11.5600208795971,0.97,0.8,41,29.3130288493635,7015.50592945706,0.00454451495014004,220,0.5,3.4563578604372,3,1.46851957926571,2.41338101398705,0.1,0.164341085271318,4.19165488285287,3.743,86.1157976728285,90.6621881097427,75,39.6249279340522,27.238,1,18.5061111796381,16.582,0.999153589013526,1,199.23466216992,0.4,-0.000846769394507551,21.27565,101.3246,0.331,875,0.2,1195.62189895247,2.41173655957632,2,0.5,910.270649264097,385,298.15,301.610486864628,0.825,63.6775698988123,50,254.710279595249,200,2,1000,68
14.3398872549736,0.97,0.8,41,25.4906753975909,11244.2602639133,0.0030956269910603,220,0.5,3.06739504399278,3,1.48073598143356,2.43345758189082,0.1,0.164341085271318,3.79584466172169,3.743,7.71881761285251,153.835088867369,150,28.532201738181,27.238,1,16.8089781795349,16.582,0.989297787887201,1,136.119755828619,0.04,-0.0107598926938706,21.27565,101.3246,0.331,400,0.2,1018.00527483157,2.04690670144848,2,0.5,874.166294769216,176,298.15,298.574227370331,0.825,103.039817426842,100,206.079634853684,200,0.2,1000,105
11.7754572611974,0.97,0.8,41,29.8752779266937,6826.06592249772,0.00494939133869972,220,0.5,3.47059538419864,3,1.83268680913881,3.01185739176301,0.1,0.164341085271318,4.21296352724897,3.743,66.5046669444414,91.3567132643784,75,40.2958351630813,27.238,1,18.5973354390888,16.582,0.971175413940612,1,216.95123679712,0.04,-0.0292481741326212,21.27565,101.3246,0.331,875,0.2,1195.62189895247,2.43204368024731,2,0.5,912.165995225556,385,298.15,301.767366140367,0.825,64.3710029641007,50,257.484011856403,200,0.2,1000,43
23.9312620143962,0.97,0.8,41,27.4392455835297,13364.6491806566,0.0105666128337397,220,0.5,3.43634468290914,3,10,16.4341085271318,0.1,0.164341085271318,4.16340592068093,3.743,59.7120646149356,179.465047683535,150,38.7475748453436,27.238,1,18.3851531410958,16.582,0.954153016787452,1,463.34279515655,0.04,-0.0469312254403451,21.27565,101.3246,0.331,1500,0.2,1430.8056970972,2.38491918408278,2,0.5,907.750726147857,660,298.15,301.401531010743,0.825,125.528875358472,100,251.057750716943,200,0.2,1000,119
20.5977356114266,0.97,0.8,41,23.462262738187,15287.9516594611,0.00530978395196543,220,0.5,3.29773578241536,3,1.78506453942496,2.93359443688444,0.1,0.164341085271318,4.00178075580356,3.743,116.245006963214,168.479880640694,150,33.986650250568,27.238,1,17.6926143353922,16.582,0.991573702731151,1,233.111264875798,0.004,-0.00846199920992534,21.27565,101.3246,0.331,1000,0.2,1242.5259504862,2.23377500927665,2,0.5,893.169675809047,440,298.15,300.183830588208,0.825,115.349211451526,100,230.698422903052,200,0.2,1000,93
8.01303372157422,0.97,0.8,41,27.0156721958394,6338.62496448408,0.00167440875709014,220,0.5,3.00205472111002,3,0.593838393122182,0.97592046001475,0.1,0.164341085271318,3.74457740883489,3.743,0.503837333554257,150.114790800007,150,27.2760264198689,27.238,1,16.5887766772135,16.582,0.999816862858302,1,73.6561912636491,0.04,-0.000183153913351395,21.27565,101.3246,0.331,200,0.2,943.517169548194,2.00139393316934,2,0.5,869.357140776565,88,298.15,298.162732076414,0.825,100.090037553072,100,200.180075106145,200,2,1000,100
10.6573610526278,0.97,0.8,41,27.1359835894884,7515.83774231191,0.00314152331031594,220,0.5,3.42583138552516,3,1.00633376321731,1.65381982792302,0.1,0.164341085271318,4.14924940599323,3.743,57.762548920099,89.2629382334113,75,38.3130454243402,27.238,1,18.3245276291874,16.582,1.05457364393713,1,137.769096544316,0.04,0.0531365562763691,21.27565,101.3246,0.331,625,0.2,1102.01641651677,2.37152470185182,2,0.5,906.484770824822,275,298.15,301.296391854194,0.825,62.3094736061497,50,249.237894424599,200,0.2,1000,39
9.30234740557901,0.97,0.8,41,25.141263580379,7218.93849711654,0.00208340890846247,220,0.5,3.30239220476688,3,0.625717690123003,1.02831124268276,0.1,0.164341085271318,4.0065512715463,3.743,51.5873855022392,84.4058113491258,75,34.1209863890667,27.238,1,17.7130672139586,16.582,0.999520272924993,1,91.4629820379771,0.4,-0.000479842180854491,21.27565,101.3246,0.331,450,0.2,1036.65511317932,2.23818003362213,2,0.5,893.604130695737,198,298.15,300.220327726856,0.825,57.8215612607818,50,231.286245043127,200,2,1000,60
14.9042503111441,0.97,0.8,41,23.7505377154177,11946.5635383318,0.0029576867728123,220,0.5,3.03116828803283,3,1.0442406015591,1.71611633744597,0.1,0.164341085271318,3.7671465582026,3.743,35.0884742424545,151.755178755595,150,27.8241644727401,27.238,1,16.6857261470777,16.582,0.999983000009069,1,130.083610451541,0.004,-1.70001354327759e-05,21.27565,101.3246,0.331,450,0.2,1036.65511317932,2.02137996792268,2,0.5,871.478225980206,198,298.15,298.344432645592,0.825,101.382991715354,100,202.765983430708,200,2,1000,84
6.30613189173117,0.97,0.8,41,26.7486122396167,5026.81694000528,0.00127931495172589,220,0.5,3.04193683164115,3,0.396232643952587,0.651173027270918,0.1,0.164341085271318,3.77560280701128,3.743,14.9834621629399,76.1843888234234,75,28.0315067371249,27.238,1,16.7220468150947,16.582,0.999667390590677,1,56.2624942960967,0.004,-0.000332664736101454,21.27565,101.3246,0.331,200,0.2,943.517169548194,2.02888857346496,2,0.5,872.271343914677,88,298.15,298.412289076539,0.825,50.9348557808966,50,203.739423123586,200,0.2,1000,3
9.5181939619946,0.97,0.8,41,24.892702332934,7595.79282064149,0.00192240114135311,220,0.5,3.12080966535381,3,0.589882912830435,0.969419980775598,0.1,0.164341085271318,3.83958337222881,3.743,139.268948746484,78.4951113223379,75,29.6353667236114,27.238,1,16.9967721591051,16.582,0.999996346051712,1,84.5022904609977,0.004,-3.6539549638679e-06,21.27565,101.3246,0.331,625,0.2,1102.01641651677,2.08605504987113,2,0.5,878.243995900815,275,298.15,298.92180784198,0.825,52.7962372973622,50,211.184949189449,200,2,1000,16
8.86635691577389,0.97,0.8,41,25.2812359471064,6992.26486061337,0.00187409205516051,220,0.5,3.19786078361566,3,0.573074941853451,0.941797578859934,0.1,0.164341085271318,3.90634918293766,3.743,51.2442041052018,80.8824014351573,75,31.3762105995045,27.238,1,17.2833094291146,16.582,0.999657907792273,1,82.336392151085,0.04,-0.000342150734614326,21.27565,101.3246,0.331,400,0.2,1018.00527483157,2.14637757687714,2,0.5,884.424678468932,176,298.15,299.446344567534,0.825,54.7765780983808,50,219.106312393523,200,2,1000,34
15.2911231388278,0.97,0.8,41,24.5031875201456,12185.050603955,0.00310607253487283,220,0.5,3.27583770473797,3,10,16.4341085271318,0.1,0.164341085271318,3.97978057454683,3.743,9.10611320112428,166.944833157092,150,33.3719059452132,27.238,1,17.5982822627208,16.582,1.00502995256076,1,136.386063147446,0.4,0.00501734460996785,21.27565,101.3246,0.331,450,0.2,1036.65511317932,2.21350478006004,2,0.5,891.162809754411,198,298.15,300.015067299962,0.825,113.998927817106,100,227.997855634212,200,0.2,1000,131
9.34728661266157,0.97,0.8,41,24.9123379269189,7361.89406774066,0.00198539254492091,220,0.5,3.21750904509601,3,0.587937004517811,0.966222053936247,0.1,0.164341085271318,3.9242173507698,3.743,82.0336931791806,81.5163603072041,75,31.8539354278463,27.238,1,17.3599685930755,16.582,0.999495913251346,1,87.2143542523242,0.004,-0.000504213843091807,21.27565,101.3246,0.331,500,0.2,1055.31601005621,2.16263647661449,2,0.5,886.069959535003,220,298.15,299.585511331343,0.825,55.3131479189554,50,221.252591675821,200,0.2,1000,13
18.2675463493256,0.97,0.8,41,23.0297975351254,12601.6566530279,0.00566588969629775,220,0.5,3.58990738976159,3,10,16.4341085271318,0.1,0.164341085271318,4.71230085232124,3.743,39.7044772808421,211.047339419504,150,58.3889131214015,27.238,1,20.7311953224646,16.582,1.32089310659954,1,247.501138914686,0.4,0.2783081037192,21.27565,101.3246,0.331,1000,0.2,1242.5259504862,2.92691928507485,2,0.5,955.320300640142,440,298.15,305.274869636197,0.825,163.54046598572,100,327.080931971441,200,0.2,1000,141
11.1125083072527,0.97,0.8,41,28.1090589442931,7349.21646579934,0.00376329184145333,220,0.5,3.41257754550463,3,1.05040628474301,1.72624908810479,0.1,0.164341085271318,4.13198623861768,3.743,172.530652948054,88.6870699025404,75,37.7877752878572,27.238,1,18.2505893540045,16.582,0.999149730711668,1,165.0571494429,0.004,-0.000850630972296817,21.27565,101.3246,0.331,1000,0.2,1242.5259504862,2.35523117386966,2,0.5,904.938145723435,440,298.15,301.167793165975,0.825,61.7570490129101,50,247.02819605164,200,0.2,1000,21
10.1636991817664,0.97,0.8,41,25.7237669357067,7628.89304858136,0.00253480613318501,220,0.5,3.33950237695029,3,0.728852075724551,1.19780341126825,0.1,0.164341085271318,4.04587428822807,3.743,93.5951492429726,85.7650885871201,75,35.2424642463306,27.238,1,17.8816308314801,16.582,1.0416640486204,1,111.246865440306,0.04,0.0408194811926809,21.27565,101.3246,0.331,625,0.2,1102.01641651677,2.27462084204407,2,0.5,897.175706805929,275,298.15,300.51986091462,0.825,59.0404851684263,50,236.161940673705,200,2,1000,40
17.1783285807382,0.97,0.8,41,22.9574211288537,13718.6156865495,0.00345971289418875,220,0.5,3.06672153888947,3,1.21036083876819,1.98912013813067,0.1,0.164341085271318,3.79530444331277,3.743,75.7768508889516,153.796002969045,150,28.5187586480899,27.238,1,16.8066583214835,16.582,0.999997775825496,1,152.129848895181,0.004,-2.2241769774022e-06,21.27565,101.3246,0.331,625,0.2,1102.01641651677,2.04642501269417,2,0.5,874.115786713115,275,298.15,298.569914480817,0.825,103.008497104821,100,206.016994209643,200,2,1000,88
3.14238030930939,0.97,0.8,41,29.4355558760378,2425.29371270172,0.000717086596607669,220,0.5,3.03004169016531,3,0.189336062053313,0.31115693918839,0.1,0.164341085271318,3.76626535678064,3.743,3.40601875953388,75.8456020192898,75,27.8026197103881,27.238,1,16.681941132674,16.582,0.990491394145657,1,31.5387896205799,0.04,-0.0095541012753625,21.27565,101.3246,0.331,100,0.2,906.340331127716,2.02059815086793,2,0.5,871.395526971983,44,298.15,298.337354537959,0.825,50.6661716787808,50,202.664686715123,200,0.2,1000,25
17.2626156981397,0.97,0.8,41,24.188426273394,9049.64509514744,0.00821297060299225,220,0.5,3.25576149676411,3,10,16.4341085271318,0.1,0.164341085271318,5.34488256430149,3.743,66.5273210127882,231.509817895188,150,88.6064779262719,27.238,1,23.4247237546503,16.582,1.37423949502441,1,357.332390592868,0.4,0.317900483577632,21.27565,101.3246,0.331,1500,0.2,1430.8056970972,3.60471240878688,2,0.5,1006.94463777962,660,298.15,309.318005511275,0.825,214.029603335831,100,428.059206671661,200,0.2,1000,143
8.17352130359241,0.97,0.8,41,28.0282615921406,6384.92952849627,0.00178859177509614,220,0.5,2.97614090295575,3,0.747006898795965,1.2276392445329,0.1,0.164341085271318,3.72482379499661,3.743,-2.66944541376247,148.676064428173,150,26.8024939277876,27.238,1,16.5039072951971,16.582,1.00701750842464,1,78.6913527508053,0.04,0.00699300030288986,21.27565,101.3246,0.331,200,0.2,943.517169548194,1.98396566472689,2,0.5,867.495483743464,88,298.15,298.002980973271,0.825,98.9656216177627,100,197.931243235525,200,0.2,1000,99
9.03627555930378,0.97,0.8,41,25.4882777114382,7014.99548934889,0.00202128006995489,220,0.5,3.29302095498798,3,0.64173685863959,1.05463731807436,0.1,0.164341085271318,3.99698442617095,3.743,36.5307441623768,84.0729682452454,75,33.8519598027182,27.238,1,17.6720500399528,16.582,0.985695979658847,1,88.7418693609324,0.04,-0.0144073089851393,21.27565,101.3246,0.331,400,0.2,1018.00527483157,2.2293496074704,2,0.5,892.732614214488,176,298.15,300.147101031304,0.825,57.5270554828493,50,230.108221931397,200,0.2,1000,33
8.42743820668757,0.97,0.8,41,25.5019880851548,6707.40300357537,0.0017200352031122,220,0.5,3.12392145967485,3,0.535898156259893,0.880700845946491,0.1,0.164341085271318,3.84218980692035,3.743,45.2750566192595,78.5888060229338,75,29.7020302051823,27.238,1,17.0079609447778,16.582,0.999600227107197,1,75.6054352368725,0.004,-0.000399852823289133,21.27565,101.3246,0.331,350,0.2,999.366528116667,2.08839718822563,2,0.5,878.486266742015,154,298.15,298.942420720564,0.825,52.8728196029661,50,211.491278411865,200,0.2,1000,7
10.2091293687924,0.97,0.8,41,26.5270174128844,7517.89979922523,0.0026912295695672,220,0.5,3.50140657527515,3,3.58670845708689,5.89443560389473,0.1,0.164341085271318,4.26355351393327,3.743,20.7445383422854,92.9811994212082,75,41.9203640856538,27.238,1,18.8138600339084,16.582,0.134587324704526,1,117.924212943637,0.4,-2.0055420363059,21.27565,101.3246,0.331,500,0.2,1055.31601005621,2.48052501065765,2,0.5,916.647224490026,220,298.15,302.137311026053,0.825,66.0333284787594,50,264.133313915038,200,0.2,1000,61
18.5615272416458,0.97,0.8,41,22.6562539391144,14491.7926832674,0.00406973455837833,220,0.5,3.2213768918553,3,1.39087039493409,2.28577150175214,0.1,0.164341085271318,3.92778104524005,3.743,83.6170518695736,163.285053214459,150,31.9498181802344,27.238,1,17.3752565199212,16.582,0.999367647380822,1,178.770501491593,0.004,-0.000632552638421467,21.27565,101.3246,0.331,750,0.2,1148.78521721119,2.16588501122115,2,0.5,886.397660397506,330,298.15,299.613206892134,0.825,110.84099237515,100,221.681984750301,200,0.2,1000,89
10.4426903074663,0.97,0.8,41,27.7927699070165,6268.05239800827,0.00417463790945806,220,0.5,3.58335420570339,3,0.907774671802381,1.49184674745818,0.1,0.164341085271318,4.47209835038594,3.743,313.296686693851,99.2658172741237,75,49.1016790670011,27.238,1,19.7056193695656,16.582,0.998759331291464,1,182.656058493109,0.004,-0.00124143897512142,21.27565,101.3246,0.331,1500,0.2,1430.8056970972,2.68434567491197,2,0.5,934.852868602989,660,298.15,303.626462031642,0.825,73.1244186502828,50,292.497674601131,200,0.2,1000,23
10.0745563590889,0.97,0.8,41,25.0974473207289,7890.12913859687,0.00218442722049201,220,0.5,3.18393379187068,3,0.649781384586646,1.06785777932069,0.1,0.164341085271318,3.89390937441822,3.743,216.36352136252,80.4397372585704,75,31.0465868047597,27.238,1,17.2299331006077,16.582,0.999996860558646,1,95.9798179917946,0.004,-3.13944628228676e-06,21.27565,101.3246,0.331,875,0.2,1195.62189895247,2.13508679277375,2,0.5,883.277051815563,385,298.15,299.349157107062,0.825,54.4046605250912,50,217.618642100365,200,2,1000,20
8.10030184860896,0.97,0.8,41,27.5716840731589,6360.65297102422,0.00173964887758474,220,0.5,2.99018362883914,3,0.667174613605128,1.09644200065339,0.1,0.164341085271318,3.7354908352484,3.743,-1.51469341758494,149.453307974368,150,27.0574846133686,27.238,1,16.5497388294986,16.582,1.00020642382338,1,76.5315699977218,0.4,0.000206402520910053,21.27565,101.3246,0.331,200,0.2,943.517169548194,1.99336952527371,2,0.5,868.501390219843,88,298.15,298.089330953071,0.825,99.5719721836516,100,199.143944367303,200,2,1000,124
12.9774368821753,0.97,0.8,41,25.2768623181088,10267.9322720011,0.00270950461017427,220,0.5,3.03435880779746,3,1.05049533086092,1.72639542746136,0.1,0.164341085271318,3.7696456689646,3.743,8.48679779071717,151.936578874492,150,27.885329379096,27.238,1,16.6964604033109,16.582,0.999762727808744,1,119.165832735743,0.04,-0.000237300344755674,21.27565,101.3246,0.331,350,0.2,999.366528116667,2.02359787216487,2,0.5,871.71271072105,154,298.15,298.364499170876,0.825,101.526705029349,100,203.053410058699,200,2,1000,104
11.3869265529935,0.97,0.8,41,24.8991749064533,9147.3267802288,0.00223959977276466,220,0.5,3.01090972469303,3,0.7731455306459,1.27059575579016,0.1,0.164341085271318,3.75139816168186,3.743,12.2244789014577,150.6109438642,150,27.4408801551802,27.238,1,16.6180781950118,16.582,0.999998435183378,1,98.5132771177613,0.004,-1.56481784669854e-06,21.27565,101.3246,0.331,300,0.2,980.738906187787,2.00742575042508,2,0.5,869.99882926131,132,298.15,298.217736702007,0.825,100.479858138533,100,200.959716277067,200,2,1000,78
9.88621410325128,0.97,0.8,41,24.95042506021,7647.040454902,0.00223917364834928,220,0.5,3.28708047958666,3,0.638324061422073,1.04902869008899,0.1,0.164341085271318,3.99098868143967,3.743,111.516018885998,83.8639581255464,75,33.6841119370755,27.238,1,17.646342194169,16.582,1.00051595218962,1,98.3126632250001,0.004,0.000515819132056707,21.27565,101.3246,0.331,625,0.2,1102.01641651677,2.22382242779455,2,0.5,892.185895415536,275,298.15,300.101137167448,0.825,57.3428901159674,50,229.371560463869,200,0.2,1000,15
16.1295343022198,0.97,0.8,41,23.8409220387727,12801.4491918888,0.00332808511033102,220,0.5,3.34166567796726,3,10,16.4341085271318,0.1,0.164341085271318,4.04824439600029,3.743,11.8658966729765,171.693089738075,150,35.3108696235586,27.238,1,17.8917890418441,16.582,1.03121801242706,1,146.059491701394,0.4,0.0307406399331311,21.27565,101.3246,0.331,500,0.2,1055.31601005621,2.27682465921371,2,0.5,897.390431644459,220,298.15,300.537840471864,0.825,118.228770666795,100,236.45754133359,200,0.2,1000,133
11.5131329378918,0.97,0.8,41,25.4972130984506,9153.7355955032,0.00235939734238864,220,0.5,3.01811988725712,3,0.863961000695294,1.41984288486358,0.1,0.164341085271318,3.75697978241949,3.743,6.43715351457178,151.016706062277,150,27.5763011615459,27.238,1,16.6420552812961,16.582,0.999714153060461,1,103.778239017996,0.004,-0.00028588780156262,21.27565,101.3246,0.331,300,0.2,980.738906187787,2.01236709845626,2,0.5,870.523513690568,132,298.15,298.262689299432,0.825,100.799459309323,100,201.598918618647,200,0.2,1000,77
3.24340052506013,0.97,0.8,41,31.1435740174469,2466.26220381384,0.000777138321246288,220,0.5,3.02919181294936,3,0.323863159501499,0.532240231118742,0.1,0.164341085271318,3.76560103127232,3.743,0.826989341962798,75.8214851489047,75,27.7863851135338,27.238,1,16.6790876451928,16.582,0.601773475857424,1,34.1801539685127,0.4,-0.507874190437762,21.27565,101.3246,0.331,100,0.2,906.340331127716,2.02000882888746,2,0.5,871.33317503277,44,298.15,298.33201757811,0.825,50.6470845814287,50,202.588338325715,200,0.2,1000,49
20.9848017815725,0.97,0.8,41,23.96059070309,15214.8680239231,0.00576993375764937,220,0.5,3.33601590589749,3,2.05466610889865,3.37666058206601,0.1,0.164341085271318,4.04207378870151,3.743,92.4580867989794,171.268715261254,150,35.1329684649405,27.238,1,17.865341629393,16.582,0.999440817466864,1,253.236423613406,0.04,-0.000559338933996522,21.27565,101.3246,0.331,1000,0.2,1242.5259504862,2.27108875278065,2,0.5,896.831264154579,440,298.15,300.491012952402,0.825,117.844175764067,100,235.688351528133,200,2,1000,118
10.5595797375729,0.97,0.8,41,26.5581915656893,7717.28029874918,0.00284229943882373,220,0.5,3.3243125004769,3,0.822175893777487,1.35117278667308,0.1,0.164341085271318,4.02948414662605,3.743,128.339021570656,85.200298675536,75,34.7719457629323,27.238,1,17.811378246191,16.582,1.00107145573511,1,124.757314474375,0.004,0.00107088213609804,21.27565,101.3246,0.331,750,0.2,1148.78521721119,2.25940375776393,2,0.5,895.689120249919,330,298.15,300.395295948547,0.825,58.5307844117881,50,234.123137647152,200,0.2,1000,17
